Sample ID,Date,Time,Remarks,Run,Al 396.2,Al_r 396.2,As 188.9,B 249.6,B_r 249.6,Ba 233.5,Be 313.1,Ca_r 317.9,Cd 228.8,Co 228.6,Cr 267.7,Cu 327.3,Fe 238.2,Fe_r 238.2,Fe_r 234.3,K_r 766.5,Li_r 670.8,Mg_r 285.2,Mn 257.6,Mn_r 260.5,Mo 202.0,Na_r 589.6,Ni 231.6,P 178.2,Pb 220.3,S 181.9,S_r 181.9,S 180.6,Sb 206.8,Se 196.0,Si 251.6,Si_r 251.6,Si_r 212.4,Sn 189.9,Sr_r 407.7,Ti 334.9,Tl 190.8,Zn 206.2,Zn_r 206.2
,,, ,,mg/L,mg/L,mg/L,mg/L,mg/L,mg/L,mg/L,mg/L,mg/L,mg/L,mg/L,mg/L,mg/L,mg/L,mg/L,mg/L,mg/L,mg/L,mg/L,mg/L,mg/L,mg/L,mg/L,mg/L,mg/L,mg/L,mg/L,mg/L,mg/L,mg/L,mg/L,mg/L,mg/L,mg/L,mg/L,mg/L,mg/L,mg/L,mg/L
Calib Blank 1,7/15/2021,11:42:34, ,1,[0.00],[0.00],[0.00],[0.00],[0.00],[0.00],[0.00],[0.00],[0.00],[0.00],[0.00],[0.00],[0.00],[0.00],[0.00],[0.00],[0.00],[0.00],[0.00],[0.00],[0.00],[0.00],[0.00],[0.00],[0.00],[0.00],[0.00],[0.00],[0.00],[0.00],[0.00],[0.00],[0.00],[0.00],[0.00],[0.00],[0.00],[0.00],[0.00]
SedSTD_1,7/15/2021,11:46:03, ,2,,,[10],[1],[1],[1],,[10],[2],,,[2],,,,,,,[2],[2],,,,,,,,,[5],[5],,,,,,,,,
SedSTD_2,7/15/2021,11:48:14, ,3,,,,,,,,,,,,,,,,[20],[5],,,,[10],[10],,,,,,,,,,,,,[1],[10],,,
SedSTD_3,7/15/2021,11:50:35, ,4,,,,,,,,,,[2],,,,,,,,,,,,,,[10],,,,,,,,,,,,,,,
SedSTD_4,7/15/2021,11:52:39, ,5,[10],[10],,,,,,,,,[5],,,,,,,,,,,,,,,,,,,,[10],[10],[10],[4],,,,[5],[5]
SedSTD_5,7/15/2021,11:54:58, ,6,,,,,,,[1],,,,,,[10],[10],[10],,,[10],,,,,[2],,[10],,,,,,,,,,,,[5],,
SedSTD_S,7/15/2021,11:57:14, ,7,,,,,,,,,,,,,,,,,,,,,,,,,,[40],[40],[40],,,,,,,,,,,
200.7 CCV,7/15/2021,12:02:17, ,8,1.91,1.99,1.915,0.1877,0.1941,0.1806,0.2015,1.869,0.378,0.374,0.9732,0.3662,2.042,2.005,2.008,4.045,1.013,1.994,0.3597,0.3646,2.007,2.011,0.4005,1.961,1.98,0.009199,0.01352,0.07543,0.96,0.9727,2.035,2.021,2.047,0.7758,0.2043,2.029,0.9886,0.9465,0.9633
200.7 CV,7/15/2021,12:05:38, ,9,1.981,2.022,1.87,1.826,1.818,1.851,2.048,1.836,1.831,1.925,1.958,1.833,2.008,1.989,1.998,2.036,1.942,1.913,1.834,1.865,2.065,1.942,2.046,1.956,2.023,0.01614,0.001895,0.05078,1.89,1.894,8.873,8.778,8.778,1.956,1.782,2.008,2.01,1.934,1.928
Sulfur IPC,7/15/2021,12:09:12, ,10,0.028,0.032,0.003,0.01143,0.01235,0.001516,0.001508,0.000069,0.001376,0.001396,0.001654,0.001901,0.003661,0.003346,0.004185,0.0159,0.00277,0.000799,-0.01002,-0.0134,0.002238,0.06105,0.001416,-0.01234,0.003282,20.2,20.28,20.42,0.003464,0.002117,0.3659,0.3584,0.3586,0.001807,0.001945,0.002432,0.004181,0.001979,0.003427
Calib Blank 1,7/15/2021,12:24:57, ,11,[0.00],[0.00],[0.00],[0.00],[0.00],[0.00],[0.00],[0.00],[0.00],[0.00],[0.00],[0.00],[0.00],[0.00],[0.00],[0.00],[0.00],[0.00],[0.00],[0.00],[0.00],[0.00],[0.00],[0.00],[0.00],[0.00],[0.00],[0.00],[0.00],[0.00],[0.00],[0.00],[0.00],[0.00],[0.00],[0.00],[0.00],[0.00],[0.00]
SedSTD_1,7/15/2021,12:28:25, ,12,,,[10],[1],[1],[1],,[10],[2],,,[2],,,,,,,[2],[2],,,,,,,,,[5],[5],,,,,,,,,
SedSTD_2,7/15/2021,12:30:36, ,13,,,,,,,,,,,,,,,,[20],[5],,,,[10],[10],,,,,,,,,,,,,[1],[10],,,
SedSTD_3,7/15/2021,12:32:55, ,14,,,,,,,,,,[2],,,,,,,,,,,,,,[10],,,,,,,,,,,,,,,
SedSTD_4,7/15/2021,12:35:00, ,15,[10],[10],,,,,,,,,[5],,,,,,,,,,,,,,,,,,,,[10],[10],[10],[4],,,,[5],[5]
SedSTD_5,7/15/2021,12:37:19, ,16,,,,,,,[1],,,,,,[10],[10],[10],,,[10],,,,,[2],,[10],,,,,,,,,,,,[5],,
SedSTD_S,7/15/2021,12:39:35, ,17,,,,,,,,,,,,,,,,,,,,,,,,,,[40],[40],[40],,,,,,,,,,,
CCV,7/15/2021,12:44:59, ,18,1.996,2.098,2.049,0.1996,0.2032,0.1947,0.2029,2.011,0.404,0.3938,1.001,0.3932,2.06,2.042,2.043,4.258,1.04,2.048,0.398,0.4022,2.061,2.116,0.4021,2.111,2.008,-0.01021,-0.01415,0.06051,1.017,1.032,2.107,2.093,2.128,0.8034,0.2154,2.079,1.009,0.9777,0.9935
CV,7/15/2021,12:48:20, ,19,2.061,2.127,1.997,1.931,1.93,1.994,2.055,1.984,1.94,2.026,2.032,1.957,2.03,2.036,2.054,2.124,2.033,1.975,1.975,1.982,2.112,2.017,2.064,2.11,2.053,0.01367,-0.0461,0.04385,1.98,2.007,9.07,9.142,9.154,2.023,1.893,2.055,2.049,2.034,2.012
S IPC,7/15/2021,12:51:55, ,20,0.038,0.044,0.004,0.01325,0.01557,0.002113,0.001803,0.009876,0.001675,0.001746,0.002141,0.002042,0.004747,0.00536,0.005825,0.008428,0.003663,0.003627,0.001797,0.002637,0.002643,0.05767,0.002185,0.01418,0.003663,20.36,20.53,20.55,0.003456,0.005692,0.3928,0.3764,0.3765,0.002497,0.003198,0.002653,0.00448,0.003106,0.00347
Lblank,7/15/2021,12:55:25, ,21,0.001,0.002,0,0.001538,0.002527,0.000296,0.000209,-0.001548,0.000198,0.000078,0.000515,0.000199,0.000422,0.000498,0.000271,-0.004069,0.000449,-0.000177,0.000192,0.000113,0.000462,-0.004394,0.000132,0.007699,0.001388,0.01702,0.008591,0.02223,0.000106,0.004619,0.009246,0.005697,0.006315,0.000694,0.000295,0.00038,0.000805,0.000639,0.000232
LFB,7/15/2021,12:58:55, ,22,30.52,31.43,0.506,0.001488,0.000486,0.001806,0.000122,30.6,0.09882,0.09361,0.1956,4.809,29.49,31.35,31.37,0.0101,0.000153,15.75,4.745,4.999,-0.002138,-0.005107,0.1948,5.338,1.016,10.08,10.24,11.28,0.000733,0.09856,0.000476,-0.002541,0.000302,-0.02871,0.002509,-0.002301,-0.02032,4.85,4.939
1,7/15/2021,13:02:17, ,23,0.024,0.046,-0.003,-0.000471,0.000202,-0.000439,0.000174,0.04865,0.000411,-0.000189,0.00052,0.004995,0.02618,0.04408,0.04603,0.001472,-0.000075,0.02199,0.004082,0.007093,0.001249,-0.005041,0.000436,0.1253,0.001198,0.01092,-0.01012,0.008297,0.001536,-0.002041,0.003576,0.000362,-0.001594,0.000954,0.000201,0.000608,-0.000289,0.00391,0.006727
2,7/15/2021,13:05:47, ,24,0.004,0.006,-0.002,-0.00105,-0.000088,-0.000476,0.000007,0.01016,0.000229,-0.000339,0.000074,0.000834,0.004167,0.005349,0.006502,-0.002842,-0.000245,0.002728,0.000623,0.000697,0.000968,-0.007166,0.000033,0.119,-0.000169,0.00204,-0.03071,-0.001154,0.001535,-0.003218,0.001729,-0.004422,-0.003048,0.000979,0.000029,0.000356,-0.001502,0.000514,0.000529
3,7/15/2021,13:09:18, ,25,,359.1,0.293,0.05922,0.04771,1.02,0.03035,123.8,0.003603,0.1609,0.4495,0.4222,186.9,349.7,371.3,24.06,0.5279,127.4,6.502,7.36,0.08758,7.857,0.433,12.7,0.5359,3.898,3.385,6.425,-0.01558,-0.01703,12.13,13.54,13.63,-0.03984,1.328,13.33,-0.09088,1.861,2.03
4,7/15/2021,13:12:49, ,26,,350.9,0.283,0.05987,0.04913,1.003,0.02954,122.2,0.003696,0.156,0.4384,0.4059,184.6,345.4,366.3,23.82,0.5114,124.3,6.286,7.152,0.0851,7.694,0.4121,12.43,0.5141,3.834,3.412,6.3,-0.01573,-0.0191,12.64,14.22,14.3,-0.04128,1.311,13.2,-0.09306,1.792,1.97
5,7/15/2021,13:16:19, ,27,29.91,32.93,0.482,0.000183,-0.000684,0.002367,-0.000035,31.64,0.09478,0.09336,0.2025,5.088,30.59,33.04,33.09,0.03886,0.000485,16.42,4.887,5.174,-0.001597,-0.000535,0.1918,5.11,0.9692,9.144,10.33,10.26,0.003267,0.08017,0.01279,0.02245,0.0288,-0.02825,0.004913,0.01603,-0.02325,4.708,4.955
6,7/15/2021,13:19:46, ,28,29.8,32.6,0.493,-0.000099,-0.001079,0.001295,-0.00007,31.73,0.0968,0.09411,0.2033,5.074,30.37,32.74,32.73,-0.001653,-0.000359,16.22,4.935,5.206,-0.001629,-0.01153,0.1952,5.314,0.9898,9.498,10.53,10.66,0.003103,0.08388,-0.002008,-0.0033,0.004678,-0.02861,0.002755,0.000238,-0.0241,4.781,5.014
7,7/15/2021,13:23:08, ,29,68.46,73.07,0.121,39.26,42.03,45.38,0.002883,56.59,0.007258,0.03529,0.06278,1.157,38.73,43.51,43.56,44.49,0.0438,16.6,4.415,4.778,-0.001533,100.1,0.0423,2.667,0.1842,3.635,3.809,4.861,0.006705,-0.005559,14.67,16.04,16.03,-0.03231,0.8343,1.6,-0.02715,39.35,44.6
8,7/15/2021,13:26:41, ,30,45.87,48.35,0.054,34.06,37.21,40.86,0.001214,34.68,0.002544,0.0236,0.04534,0.4325,16.96,18.86,18.79,37.29,0.02032,8.204,1.684,1.839,-0.001336,89.22,0.02502,1.495,0.06759,1.508,1.594,2.244,0.005229,-0.01726,12.31,13.59,13.63,-0.02864,0.6733,0.7478,-0.009861,34.49,40.09
9,7/15/2021,13:30:15, ,31,48.88,54.06,0.128,36.99,39.99,40.95,0.001515,388.1,0.0165,0.03087,0.05024,0.7451,21.72,24.58,24.64,42.07,0.0258,11.64,3.106,3.445,0.001228,98.66,0.04005,4.496,0.09539,8.042,8.722,15.2,0.007058,-0.008124,9.55,10.5,10.7,-0.04727,1.283,0.8291,-0.01822,35.08,40.99
10,7/15/2021,13:33:53, ,32,58.33,63.29,0.093,37.42,40.91,41.52,0.001984,233.8,0.008561,0.02945,0.05983,0.8769,27.35,32.01,32.09,44.16,0.03415,14.4,2.633,2.977,-0.001655,99.38,0.03663,3.442,0.1295,5.289,5.753,9.691,0.005391,-0.009596,9.317,10.41,10.58,-0.04046,1.124,1.219,-0.01499,35.13,42.72
10 dup,7/15/2021,13:37:27, ,33,58.45,63.84,0.091,37.34,41.13,42.32,0.001978,233.4,0.008751,0.02962,0.06044,0.8728,27.79,31.71,31.77,44.31,0.03439,14.49,2.663,2.956,-0.002232,100.5,0.03667,3.423,0.1312,5.291,5.732,9.659,0.006663,-0.01293,9.411,10.47,10.61,-0.04248,1.131,1.223,-0.01778,36.24,41.9
9 spike,7/15/2021,13:41:00, ,34,74.2,84.65,0.573,35.68,39.62,39.61,0.001414,400.4,0.1029,0.1057,0.2135,5.342,43.34,51.71,51.98,41.55,0.02577,26.33,6.858,7.869,-0.000918,97.83,0.1911,9.059,0.8718,16.57,18.52,23.72,0.007094,0.07456,9.229,10.35,10.39,-0.04527,1.237,0.7934,-0.03229,37.1,43.74
 CV,7/15/2021,13:44:37, ,35,2.185,2.251,1.995,2.152,2.155,2.082,2.061,2.722,1.958,2.04,2.051,1.955,2.145,2.125,2.142,2.166,1.986,1.996,1.994,1.976,2.128,2.207,2.081,2.145,2.064,0.05247,0.02651,0.09062,1.993,2,9.108,9.091,9.129,2.041,1.862,2.052,2.063,2.108,2.109
S IPC,7/15/2021,13:48:12, ,36,0.073,0.087,0,0.1728,0.1908,0.02424,0.001393,0.1876,0.001197,0.001211,0.001329,0.003063,0.03386,0.03738,0.03776,0.04244,0.002537,0.01627,0.003743,0.005091,0.00216,0.1366,0.001391,0.01805,0.00282,20.73,20.85,21.08,0.002238,0.005741,0.3273,0.3083,0.3058,0.001679,0.002849,0.002945,0.001834,0.02509,0.03273
Lblank,7/15/2021,13:51:40, ,37,0.015,0.019,0.001,0.1089,0.1185,0.007782,0.000411,0.05185,0.000361,0.000437,0.000428,0.001071,0.01535,0.01666,0.01657,0.01639,0.000275,0.005704,0.001402,0.001419,0.00042,0.02778,0.000631,0.01115,0.001215,0.01541,0.01228,0.02431,0.001548,0.004101,0.01293,0.01115,0.009266,0.000193,0.000608,0.000875,0.000488,0.008284,0.009551
13,7/15/2021,13:55:10, ,38,,290.1,0.648,0.6959,0.7599,3.683,0.01598,300.6,0.0451,0.1421,0.2673,7.039,170.9,306.7,323.2,285.3,0.2977,109.8,20.37,25.98,0.006992,8.482,0.2212,27,1.007,118.2,135.3,120.7,-0.007794,-0.006105,13.78,15.63,15.73,-0.04164,1.414,9.319,-0.1392,10.92,12.27
14,7/15/2021,13:58:17, ,39,0.235,0.445,-0.005,0.03829,0.05017,0.004538,0.000075,0.5272,0.000532,-0.000573,0.000427,0.008717,0.3532,0.5062,0.5052,0.4782,-0.000257,0.1846,0.02741,0.03909,0.001594,0.02247,0.000138,0.05772,0.001421,0.1121,0.1489,0.1165,0.005108,-0.003964,0.0267,0.03582,0.03501,0.000767,0.002388,0.01122,-0.004729,0.01323,0.02064
15,7/15/2021,14:01:47, ,40,0.036,0.055,-0.006,0.02822,0.03444,0.002835,0.000032,0.0681,0.000377,-0.000631,0.000101,0.002493,0.05442,0.06676,0.06785,0.06968,-0.000796,0.02125,0.004213,0.004971,0.001448,0.005214,-0.000201,0.02253,0.000314,0.02578,0.0213,0.02169,0.003657,-0.006237,0.01293,0.01135,0.01111,0.000598,0.000308,0.001925,-0.003534,0.002503,0.003642
16,7/15/2021,14:05:17, ,41,0.011,0.016,-0.005,0.02124,0.02575,0.000038,0.000027,0.0205,0.00036,-0.000909,0.000203,0.001628,0.01778,0.016,0.01789,0.01964,-0.000889,0.005093,0.001464,0.001196,0.001415,-0.00005,-0.000209,0.03189,0.000398,0.01125,-0.009875,0.006827,0.004146,-0.006933,0.009561,0.005082,0.006595,0.001514,0.000048,0.000799,-0.002886,0.001187,0.001581
17,7/15/2021,14:08:49, ,42,,316.4,0.263,0.0708,0.06218,0.9256,0.02789,109.5,0.003877,0.146,0.4073,0.3966,181.2,326.8,345.5,21.85,0.4783,116.7,6.003,6.762,0.08647,6.654,0.3945,11.74,0.4822,3.48,3.18,5.774,-0.01032,-0.01812,9.426,10.63,10.92,-0.04103,1.206,11.85,-0.08113,1.701,1.885
18,7/15/2021,14:12:19, ,43,,330.6,0.276,0.06719,0.05955,0.961,0.02888,113.4,0.003728,0.1507,0.4212,0.4071,184.1,337.1,356.7,22.4,0.4982,121,6.184,7.039,0.08809,6.903,0.4066,12.35,0.4987,3.635,3.422,5.968,-0.01108,-0.006688,9.84,11.25,11.45,-0.0397,1.254,12.09,-0.08739,1.767,1.951
19,7/15/2021,14:15:43, ,44,,325.5,0.266,0.0625,0.05381,0.9478,0.02832,112.1,0.003653,0.1483,0.4159,0.4077,182.2,332.7,351.9,21.77,0.4793,120.2,6.106,6.843,0.08708,6.687,0.4001,11.95,0.4897,3.528,3.253,5.808,-0.01168,-0.02034,9.219,10.4,10.66,-0.03961,1.251,12.02,-0.07819,1.724,1.926
20,7/15/2021,14:19:13, ,45,26.91,31.81,0.462,0.008569,0.0106,0.002361,0.000013,30.77,0.09025,0.08972,0.1981,4.861,29.62,32.24,32.23,0.05293,0.000368,15.7,4.775,5.03,-0.001054,0.007914,0.1829,4.891,0.907,8.498,9.959,9.622,0.004752,0.0721,0.02977,0.05144,0.053,-0.02813,0.004916,0.01594,-0.02557,4.525,4.785
21,7/15/2021,14:22:33, ,46,27.17,30.66,0.452,0.007831,0.008849,0.001176,-0.000033,30.15,0.0896,0.08861,0.1977,4.793,28.79,31.01,31.03,0.005197,-0.000681,15.34,4.7,4.941,-0.001037,-0.006984,0.1823,4.81,0.9044,8.484,9.892,9.517,0.005397,0.06921,0.008445,0.008361,0.01695,-0.02737,0.002655,0.000691,-0.02492,4.443,4.735
22,7/15/2021,14:26:00, ,47,26.57,30.74,0.457,0.006266,0.007386,0.000877,-0.000054,30.04,0.08995,0.08921,0.1961,4.857,28.79,30.92,30.91,0.01729,-0.000848,15.24,4.731,4.931,-0.000999,-0.009042,0.1809,4.877,0.9009,8.488,9.814,9.623,0.004064,0.07472,0.006632,0.00604,0.007414,-0.02837,0.002356,-0.001295,-0.02341,4.449,4.693
13 dup,7/15/2021,14:29:22, ,48,,291.8,0.652,0.6449,0.6912,3.684,0.01568,303.4,0.0453,0.1445,0.2701,7.148,171.4,307.8,323.9,283.3,0.2947,110.8,20.57,25.98,0.005858,8.454,0.2235,28.09,1.022,119,138.1,122.1,-0.007611,-0.000486,14.28,16.12,16.17,-0.04288,1.415,9.451,-0.1434,10.84,12.4
13 spike,7/15/2021,14:32:32, ,49,,310.6,1.069,0.6257,0.6684,3.617,0.01526,317.5,0.1321,0.2113,0.4258,11.62,176,320.9,339.1,275.1,0.2887,119.8,22.95,29.58,0.004727,8.204,0.3637,31.11,1.723,124.5,141,127.2,-0.006074,0.08774,13.83,15.45,15.55,-0.04194,1.326,9.126,-0.1541,14.46,15.95
CV,7/15/2021,14:35:46, ,50,2.436,2.598,2.029,1.96,1.937,2.036,2.084,2.554,1.99,2.075,2.076,1.988,2.557,2.69,2.701,2.55,2.087,2.187,2.043,2.064,2.162,2.047,2.116,2.266,2.104,0.1836,0.2338,0.2259,2.01,2.03,9.227,9.285,9.318,2.087,1.767,2.09,2.087,2.138,2.108
S IPC,7/15/2021,14:39:21, ,51,0.173,0.187,0,0.02224,0.02483,0.004496,0.001799,0.1751,0.001676,0.001816,0.002067,0.006848,0.1907,0.2019,0.202,0.151,0.003086,0.06863,0.01596,0.01786,0.002638,0.05846,0.001865,0.02238,0.003491,20.84,21.21,21.17,0.003574,0.00514,0.3722,0.3591,0.3564,0.001123,0.003347,0.007684,0.002704,0.01313,0.01516
Lblank,7/15/2021,14:42:25, ,52,0.04,0.062,0.002,0.006504,0.008347,0.001255,0.000506,0.06396,0.000503,0.000541,0.000515,0.001817,0.06029,0.07756,0.07829,0.07645,0.000616,0.02545,0.004929,0.006367,0.000551,-0.006464,0.000538,0.01376,0.001705,0.03558,0.05935,0.04153,0.000283,0.002366,0.0188,0.01798,0.02134,0.000622,0.000814,0.002036,0.001299,0.003969,0.005491
25,7/15/2021,14:45:55, ,53,52.06,58.15,0.092,30.27,33.76,36.86,0.00301,80.37,0.006635,0.03172,0.04926,0.9455,35.27,39.76,39.81,37.7,0.03907,15.6,5.59,6.133,-0.00096,80.93,0.03765,3.219,0.1663,3.916,4.483,5.552,0.006993,-0.01282,5.472,6.105,6.118,-0.03382,0.802,1.381,-0.03258,32.98,37.33
26,7/15/2021,14:49:27, ,54,53.46,59.26,0.098,29.65,33.2,35.6,0.002917,94.09,0.00721,0.03307,0.05139,1.017,38.19,43.73,43.8,37.77,0.04196,17.17,7.115,7.935,-0.00145,79.43,0.04028,3.812,0.1791,4.344,4.905,6.222,0.007232,-0.01693,5.8,6.443,6.489,-0.03596,0.829,1.445,-0.04168,31.78,36.65
27,7/15/2021,14:52:59, ,55,39.28,43.16,0.073,23.47,26.15,29.35,0.002146,68.19,0.005369,0.02611,0.04098,0.7893,29.49,32.65,32.7,30.63,0.03093,12.49,5.098,5.539,-0.000324,64.86,0.03229,2.754,0.1408,2.888,3.232,4.335,0.00447,-0.01117,5.308,5.893,5.925,-0.03436,0.5776,1.109,-0.03024,26,29.1
28,7/15/2021,14:56:31, ,56,39.99,43.89,0.056,31.27,35.1,37.75,0.001616,97.05,0.003903,0.02413,0.03493,0.5371,21.14,23.54,23.54,37.65,0.02491,11.15,2.908,3.176,0.003837,82.83,0.02623,2.92,0.08736,3.401,3.815,5.323,0.006393,-0.01885,4.705,5.223,5.31,-0.03678,0.8243,0.8873,-0.02126,32.24,37.18
29,7/15/2021,15:00:02, ,57,98.65,115.7,0.271,20.41,22.61,25.53,0.007326,200.5,0.02008,0.06466,0.1068,3.074,89.96,115.9,118,40.35,0.1032,43.42,15.24,18.03,-0.000896,61.14,0.09039,8.359,0.5048,9.394,10.55,13.31,0.001713,-0.009214,6.825,7.731,7.772,-0.04154,0.985,3.393,-0.09044,26.01,29.64
30,7/15/2021,15:03:34, ,58,53.05,59.64,0.121,21.57,24.03,26.63,0.003537,84.61,0.0103,0.03528,0.06077,1.512,49.45,54.03,57.1,32.11,0.05088,20.96,5.012,5.416,0.002053,61.17,0.04834,3.897,0.2347,5.111,5.749,6.91,0.005507,-0.01323,5.864,6.471,6.653,-0.03586,0.6307,1.933,-0.03647,24.9,27.81
31,7/15/2021,15:07:06, ,59,37.92,41.47,0.066,26.45,29.06,32.55,0.001886,42.51,0.005303,0.0243,0.039,0.77,26.16,28.25,28.27,31.47,0.02863,10.73,4.149,4.377,-0.001295,72.51,0.0297,1.809,0.1256,2.948,3.307,3.897,0.005851,-0.01237,3.943,4.374,4.453,-0.03128,0.5742,0.9737,-0.0271,29.12,32.06
32,7/15/2021,15:10:40, ,60,55.94,60.34,0.11,26.95,29.61,31.91,0.003235,77.9,0.008807,0.03568,0.05727,1.297,44.71,49.37,51.76,35.91,0.04865,18.91,8.249,9.244,-0.001639,73.62,0.04584,3.866,0.2168,4.851,5.292,6.505,0.004203,-0.01356,5.551,6.176,6.25,-0.03484,0.6875,1.724,-0.0509,29.17,33.29
33,7/15/2021,15:14:12, ,61,43.18,47.73,0.067,32.11,36.32,38.32,0.001906,64.44,0.004835,0.02657,0.03777,0.6989,25.85,29.16,29.13,37.84,0.03018,12.04,4.676,5.186,-0.001612,85.37,0.02951,2.566,0.1111,3.047,3.476,4.372,0.007386,-0.01835,5.12,5.78,5.857,-0.03439,0.7825,1.039,-0.02694,33.89,39.06
34,7/15/2021,15:17:45, ,62,22.47,24.44,0.023,26.15,29.11,32.68,0.000689,67.6,0.002476,0.01623,0.02409,0.2344,8.151,8.658,8.664,29.57,0.01135,4.758,2.098,2.228,-0.000406,70.73,0.01733,1.413,0.0348,1.737,1.969,3.069,0.004027,-0.01847,3.911,4.314,4.393,-0.03547,0.5777,0.3063,-0.01512,27.71,30.68
34 dup,7/15/2021,15:21:15, ,63,22.56,24.38,0.022,26.26,29.05,32.72,0.000693,68.07,0.002424,0.01621,0.02444,0.232,8.194,8.844,8.837,28.39,0.01167,4.667,2.107,2.277,-0.00035,70.88,0.01715,1.414,0.03477,1.746,1.974,3.081,0.007099,-0.01475,4.136,4.635,4.692,-0.03521,0.5669,0.3075,-0.01435,28.06,30.71
34 spike,7/15/2021,15:24:45, ,64,48.89,53.65,0.471,25.24,28.62,31.17,0.00061,94.02,0.08981,0.09838,0.205,4.935,33.62,38.11,38.15,28.33,0.01129,19.24,6.236,6.941,-0.002667,68.98,0.1838,6.173,0.851,10.36,12.07,12.34,0.007397,0.0642,3.997,4.496,4.504,-0.03629,0.5507,0.2925,-0.03386,30.22,34.34
CV,7/15/2021,15:28:17, ,65,2.143,2.233,2.036,2.13,2.128,2.105,2.093,2.182,1.991,2.083,2.078,1.969,2.108,2.125,2.148,2.185,1.987,2.007,2.026,2.008,2.168,2.21,2.121,2.276,2.099,0.04263,0.00687,0.08349,2.004,2.029,9.191,9.197,9.233,2.092,1.809,2.074,2.09,2.187,2.126
S IPC,7/15/2021,15:31:53, ,66,-0.001,0.002,0.004,0.1428,0.09508,0.000805,0.000761,-0.00152,-0.000722,0.000679,-0.000195,0.003735,-0.000136,0.001144,0.000695,0.02032,0.000131,-0.000042,-0.000324,-0.000235,-0.001878,0.01899,0.000303,-0.004958,0.002675,-0.01322,0.0201,-0.00583,-0.00282,0.01055,0.08856,0.03619,0.03198,-0.000938,0.000623,-0.000195,0.00382,0.00042,0.001027
Lblank,7/15/2021,15:35:46, ,67,0.021,0.027,0.002,0.08785,0.1051,0.01045,0.000797,0.04245,0.00081,0.000925,0.000976,0.001523,0.01453,0.01818,0.01905,0.02772,0.001224,0.0099,0.002537,0.003091,0.001037,0.03385,0.00104,-0.006405,0.001902,0.01487,-0.000661,0.01338,0.000884,0.001035,0.01317,0.01032,0.009731,0.001111,0.001526,0.001255,0.002554,0.01228,0.01507
37,7/15/2021,15:39:17, ,68,31.92,34.83,0.046,31.22,34.73,37.37,0.001503,98.36,0.004454,0.02299,0.02903,0.3967,15.16,16.33,16.33,35.15,0.0185,7.699,5.122,5.58,-0.000109,81.58,0.02335,2.126,0.06346,3.291,3.764,5.222,0.004891,-0.01571,3.603,3.987,4.108,-0.0361,0.7802,0.6339,-0.02662,32.79,37
38,7/15/2021,15:42:47, ,69,28.13,30.55,0.025,31.05,34.43,39.06,0.000636,29.25,0.001338,0.01645,0.02119,0.1641,5.139,5.4,5.395,32.32,0.009132,3.776,0.9608,1.007,-0.000749,79.28,0.01419,0.6727,0.02748,1.082,1.212,1.688,0.008121,-0.01564,3.312,3.66,3.725,-0.0267,0.6552,0.184,-0.007953,32.92,36.93
39,7/15/2021,15:46:19, ,70,36.28,40.02,0.048,31.87,36.08,37.73,0.001226,151.1,0.004808,0.02349,0.03217,0.4206,15.8,17.34,17.34,35.95,0.01935,8.315,4.64,5.104,-0.000475,85.09,0.02436,2.507,0.06884,3.171,3.49,6.073,0.004618,-0.0124,3.765,4.181,4.257,-0.03995,0.8775,0.6332,-0.02667,32.93,37.62
S IPC,7/15/2021,15:51:37, ,71,0.022,0.03,0.002,0.1398,0.1466,0.02989,0.00006,0.08052,-0.00006,0.000052,0.000035,0.000805,0.01191,0.01308,0.01366,0.05732,0.000077,0.005283,0.003145,0.003177,-0.000055,0.09104,-0.000053,0.007259,0.000832,20.57,20.97,21.05,0.000439,0.002919,0.02598,0.01773,0.0196,-0.000591,0.000683,0.000498,-0.000146,0.02879,0.03161
40,7/15/2021,15:55:06, ,72,30.73,33.25,0.027,32.3,36.13,39.41,0.00089,30.06,0.001413,0.01851,0.02492,0.2351,9.922,10.51,10.52,35.95,0.01382,5.5,1.812,1.909,-0.000936,84,0.01679,1.388,0.03691,1.524,1.743,2.171,0.007844,-0.01965,3.989,4.428,4.501,-0.02661,0.6904,0.4279,-0.01137,34.48,38.47
41,7/15/2021,15:58:36, ,73,33.76,36.57,0.062,28,31.09,34.68,0.001475,47.03,0.003668,0.02185,0.03227,0.6572,20.71,22.72,22.73,33.23,0.02206,8.594,3.557,3.85,-0.001006,73.58,0.0237,1.892,0.1028,2.636,3.022,3.652,0.005199,-0.01987,4.511,4.984,5.124,-0.03132,0.6567,0.8184,-0.02118,29.68,33.91
42,7/15/2021,16:02:06, ,74,29.95,32.83,0.042,28.82,32.31,36.05,0.001072,32.52,0.002386,0.01877,0.02603,0.4268,13.44,14.39,14.34,31.82,0.01565,6.096,3.517,3.761,-0.000639,75.65,0.01872,1.337,0.06287,1.741,1.967,2.434,0.005676,-0.01673,4.474,4.989,5.054,-0.02847,0.6473,0.4852,-0.02213,31.56,34.27
43,7/15/2021,16:05:35, ,75,24,26.16,0.067,0.5389,0.6287,0.5068,0.001795,106.9,0.004417,0.02101,0.03998,0.6675,41.46,47.07,47.25,97.27,0.0337,15.53,6.59,7.172,0.008102,2.323,0.03525,6.694,0.1575,52.17,60.43,54.73,0.003092,-0.01344,4.627,5.147,5.144,-0.03838,0.3316,1.348,-0.03897,1.051,1.123
44,7/15/2021,16:08:33, ,76,59.02,66.23,0.244,0.5374,0.6054,1.122,0.004663,219.8,0.01397,0.04714,0.07766,2.078,79.37,99.2,100.6,93.2,0.07564,31.99,17.37,20.82,0.008125,2.496,0.06187,12.88,0.3897,52.33,62.11,56.76,0.001916,-0.003438,6.396,7.22,7.275,-0.03878,0.6461,2.754,-0.1016,3.127,3.424
45,7/15/2021,16:11:35, ,77,55.38,61.84,0.195,0.6514,0.7295,1.031,0.004119,176.1,0.01236,0.04071,0.06919,1.925,73.66,90.74,91.84,154.5,0.07554,32.71,15.88,18.83,0.01106,2.946,0.06076,13.38,0.2842,77.53,91.36,81.01,0.003006,-0.005111,6.039,6.826,6.839,-0.03746,0.5752,2.587,-0.09013,2.617,2.776
46,7/15/2021,16:14:38, ,78,24.15,27.03,0.084,0.1919,0.219,0.617,0.001825,153.2,0.007112,0.01948,0.03077,1.201,34.63,38.28,38.46,26,0.03159,14.97,6.007,6.502,0.001722,1.177,0.02913,5.425,0.1373,14.85,17.53,18.13,0.00142,-0.01504,4.755,5.364,5.357,-0.04022,0.3798,1.251,-0.04002,1.646,1.764
46 dup,7/15/2021,16:18:00, ,79,24.41,26.76,0.085,0.1813,0.2059,0.6151,0.001849,153.3,0.007125,0.01978,0.03074,1.206,34.18,38.1,38.28,25.41,0.03067,14.84,5.968,6.447,0.001825,1.155,0.02929,5.54,0.1375,14.95,17.69,18.14,0.002524,-0.01717,4.81,5.513,5.538,-0.04172,0.374,1.244,-0.03614,1.642,1.772
41 spike,7/15/2021,16:21:23, ,80,58.01,65.45,0.508,26.77,29.96,32.79,0.001411,74.35,0.09001,0.1029,0.2104,5.276,44.1,50.99,51.06,31.74,0.02188,23.01,7.544,8.409,-0.00229,71.55,0.1882,6.629,0.913,11.28,13.01,13.09,0.005745,0.06296,4.298,4.875,4.879,-0.03439,0.634,0.7741,-0.04005,31.96,36.76
CV,7/15/2021,16:24:56, ,81,2.154,2.215,2.013,2.05,2.042,2.054,2.064,2.145,1.963,2.055,2.042,1.953,2.152,2.131,2.138,2.17,2.021,1.99,1.994,1.978,2.142,2.161,2.053,2.296,2.067,0.05724,-0.006264,0.09654,1.986,2.007,9.119,9.068,9.119,2.061,1.825,2.046,2.064,2.13,2.074
S IPC,7/15/2021,16:28:30, ,82,0.019,0.028,0.001,0.08486,0.09713,0.01396,0.001145,0.04631,0.001138,0.001225,0.001393,0.002472,0.02084,0.02508,0.02526,0.04775,0.002423,0.01033,0.004303,0.005581,0.001924,0.04668,0.001306,0.01098,0.001673,20.69,21.22,21.18,0.00142,0.004488,0.03097,0.03045,0.02867,0.001836,0.002469,0.001778,0.000442,0.0151,0.01775
Lblank,7/15/2021,16:31:59, ,83,0.007,0.011,0.002,0.05571,0.06022,0.004841,0.000704,0.01386,0.000599,0.000541,0.00057,0.00118,0.00711,0.00863,0.01018,0.02416,0.000604,0.002914,0.001591,0.00193,0.000761,0.02078,0.000668,0.01752,0.001158,0.01408,0.01212,0.01888,0.000871,0.003061,0.007709,0.002803,0.002666,0.001198,0.000646,0.000751,0.001302,0.005848,0.006767
49,7/15/2021,16:35:29, ,84,35.6,39.49,0.119,0.7161,0.8058,0.8251,0.003475,151.5,0.01388,0.02813,0.04218,1.633,45.36,51.09,51.4,89.72,0.04385,21.6,9.234,10.2,0.00322,2.095,0.04108,7.487,0.2377,56.95,66.2,60.87,0.003545,-0.002353,5.478,6.195,6.195,-0.03964,0.533,1.576,-0.05389,2.831,2.95
50,7/15/2021,16:38:30, ,85,38.23,42.39,0.128,0.8632,0.9646,0.8831,0.003251,208.2,0.0116,0.0262,0.04525,1.394,44.01,51.06,51.31,95.09,0.04571,23.56,11.36,12.79,0.004229,2.047,0.03881,9.901,0.2251,65.61,77.05,70.05,0.003103,-0.002962,6.361,7.167,7.19,-0.0401,0.6308,1.568,-0.06471,2.658,2.813
51,7/15/2021,16:41:31, ,86,44.42,49.16,0.136,0.691,0.7607,0.8826,0.003375,193.1,0.01299,0.03115,0.05111,1.486,50.5,59,59.38,86,0.05115,24.89,13.46,15.46,0.003232,2.004,0.04445,9.134,0.2514,56.55,65.96,60.95,0.00208,-0.001867,5.527,6.109,6.133,-0.03943,0.5921,1.743,-0.07743,3.187,3.402
52,7/15/2021,16:44:35, ,87,19.05,20.49,0.075,0.6648,0.7367,0.4398,0.001317,189.9,0.005549,0.01201,0.02123,0.5334,24.02,26.28,26.33,103.1,0.0226,14.61,4.327,4.652,0.004048,1.705,0.02008,6.825,0.08794,61.17,71.67,65.38,0.00322,-0.009735,4.13,4.602,4.622,-0.04123,0.5159,0.8835,-0.02613,1.184,1.27
53,7/15/2021,16:47:29, ,88,86.66,99.18,0.259,0.4339,0.4912,1.694,0.006652,236.8,0.02336,0.06489,0.102,2.87,93.44,123.7,125.9,67.56,0.1125,45.52,16.58,19.79,0.001718,2.56,0.09231,12.66,0.4601,39.93,47.93,44.86,0.001817,-0.008849,6.743,7.769,7.814,-0.04049,0.7885,3.579,-0.09916,6.013,6.639
54,7/15/2021,16:50:31, ,89,28.51,31.23,0.043,28.32,31.77,33.93,0.000953,141.6,0.00745,0.02066,0.03279,0.4125,13.25,14.38,14.42,33.51,0.01614,7.95,2.525,2.714,-0.000934,78.17,0.02399,2.147,0.06882,3.059,3.484,5.793,0.008261,-0.01676,3.517,3.896,3.986,-0.03891,0.7719,0.5031,-0.01503,29.86,33.99
55,7/15/2021,16:54:01, ,90,85.44,95.64,0.254,0.4865,0.5649,1.882,0.006383,172.9,0.02088,0.05901,0.0987,3.786,92.8,120.1,122.2,65.32,0.1083,44.05,13.89,16,0.000947,2.894,0.08696,11.3,0.4712,39.63,47.59,43.55,0.001165,-0.008528,6.384,7.254,7.304,-0.03955,0.6589,3.781,-0.08534,5.057,5.62
56,7/15/2021,16:57:03, ,91,86.51,97.08,0.255,0.4117,0.4602,1.714,0.006316,135.4,0.02244,0.05482,0.09626,3.11,88.29,111.6,113.4,74,0.1004,39.05,21.34,25.64,0.003129,2.953,0.07905,12.19,0.4944,44.31,52.98,47.6,0.000151,0.001818,6.659,7.559,7.599,-0.03459,0.5929,3.222,-0.1201,4.994,5.48
57,7/15/2021,17:00:04, ,92,64.11,71.73,0.349,0.6076,0.6757,1.275,0.004862,160.9,0.01796,0.0425,0.07519,2.842,72.98,89.21,90.33,112.8,0.08032,36.04,15.69,18.12,0.007013,2.621,0.0671,14.2,0.3353,64.5,77.18,67.97,0.002497,-0.009577,7.169,8.1,8.111,-0.03627,0.6175,2.568,-0.0881,3.829,4.184
58,7/15/2021,17:03:07, ,93,31.41,34.94,0.105,0.4364,0.4804,0.7114,0.002303,138.3,0.009457,0.02638,0.05099,1.127,39.04,43.95,44.08,78.78,0.03625,18.82,10.3,11.5,0.003717,2.143,0.03439,8.246,0.1669,45.51,53.1,48.93,0.003773,-0.0062,5.344,5.996,5.988,-0.03953,0.4465,1.371,-0.05914,1.933,2.051
58 dup,7/15/2021,17:06:05, ,94,31.3,34.57,0.097,0.4312,0.4785,0.7048,0.00226,137.5,0.009396,0.02604,0.05047,1.115,39.12,43.51,43.65,77.75,0.03675,18.66,10.3,11.39,0.004091,2.125,0.03356,8.088,0.1648,44.86,52.78,48.2,0.003276,-0.005493,5.392,6.064,6.083,-0.03962,0.4362,1.366,-0.05772,1.895,2.023
53 spike,7/15/2021,17:09:04, ,95,106.6,124,0.686,0.4169,0.4644,1.618,0.006306,249.4,0.1067,0.1381,0.2656,7.366,105,142.2,145.4,63.77,0.1057,57.21,19.21,23.01,0.000438,2.424,0.2404,16.68,1.191,46.83,55.84,51.89,0.001479,0.07616,6.536,7.484,7.479,-0.04129,0.7185,3.413,-0.111,9.535,10.68
CV,7/15/2021,17:12:07, ,96,2.194,2.309,2.006,1.953,1.913,2.014,2.071,2.459,1.963,2.054,2.045,1.955,2.237,2.301,2.326,2.237,2.013,2.047,2.009,2.011,2.144,2.012,2.052,2.371,2.064,0.1161,0.1513,0.1666,1.979,2.007,9.113,9.083,9.13,2.063,1.802,2.046,2.063,2.114,2.052
S IPC,7/15/2021,17:15:42, ,97,0.035,0.041,0.004,0.02639,0.02921,0.00489,0.00163,0.094,0.00128,0.001351,0.001514,0.003525,0.04044,0.04863,0.04821,0.06821,0.002836,0.01918,0.008949,0.01006,0.002251,0.01611,0.00137,0.02162,0.002679,20.78,21.2,21.32,0.002445,0.003345,0.03104,0.0332,0.02994,0.002379,0.002845,0.002838,0.001416,0.007707,0.009736
Lblank,7/15/2021,17:19:12, ,98,0.009,0.012,-0.001,0.01665,0.01849,0.001713,0.000689,0.02731,0.000633,0.00058,0.000602,0.001015,0.01297,0.01574,0.01717,0.0311,0.000726,0.005651,0.002703,0.003016,0.000884,0.003207,0.0007,0.01146,0.001357,0.01938,0.03479,0.02817,0.000643,0.002524,0.007965,0.002851,0.004112,0.00115,0.000717,0.001013,-0.000147,0.002889,0.003279
cal blank,7/15/2021,17:33:21, ,99,-0.001,0.002,0.004,0.000358,0.007494,0.000603,0.000748,0.003338,-0.000659,0.000413,-0.000153,0.003529,-0.00012,0.001706,0.002516,0.01018,-0.000082,0.000282,-0.00029,0.000181,-0.001575,-0.003867,-0.000026,0.001909,0.00237,-0.01448,0.001018,-0.004364,-0.00177,0.01123,-0.001643,-0.004662,-0.006207,-0.001215,0.000014,-0.000175,0.001815,-0.000081,0.000338
cal std 1,7/15/2021,17:37:13, ,100,0.007,0.009,10.08,1.072,1.101,1.023,-0.000005,10.08,2.041,0.000209,-0.000084,1.982,0.003421,0.003682,0.01107,0.1005,0.001237,0.003063,2.035,2.001,0.000483,0.005207,0.001254,-0.000836,0.003174,0.2135,0.2192,0.4558,4.999,5.072,0.06842,0.06171,0.05849,-0.016,0.001046,-0.000761,-0.009892,0.006609,0.006239
cal std 5,7/15/2021,17:40:26, ,101,0.003,0.004,0.009,0.0458,0.05653,0.001658,1.003,0.02398,-0.000493,0.000404,-0.001075,0.002439,10.1,10.08,10.09,0.07761,0.000784,10.02,0.002019,0.002323,-0.000573,0.003161,2.009,0.01603,10.01,0.03662,0.03236,0.1683,0.007677,0.008398,0.01478,0.01059,0.008047,0.000105,-0.00005,0.000276,4.998,0.005869,0.005991
