"SampleID","Date","Al","Alr","As","B","Br","Ba","Be","Car","Cd","Co","Cr","Cu","Fe","Fer","Fer.1","Kr","Lir","Mgr","Mn","Mnr","Mo","Nar","Ni","P","Pb","S","Sr","S.1","Sb","Se","Si","Sir","Sir.1","Sn","Srr","Ti","Tl","Zn","Znr","SAMPLING_DATE","SITE","SAMPLE_DESCRIPTOR","FIELD.REP","DIGEST_DATE","OES_DATE","ICP_NUMBER","LAB.DUPLICATE","LAB.SPIKE","ICP.DUPLICATE","ICP.SPIKE","DRY_MASS"
"CCV","7/2/2021",1.97,2.032,2.007,0.1763,0.1844,0.1877,0.2025,1.956,0.3973,0.3916,1.01,0.3917,2.054,2.033,2.03,3.987,1.03,2.019,0.3829,0.3884,2.017,2.057,0.4039,3.391,2.011,0.0173,-0.0323,0.08075,1.007,1.02,2.081,2.096,2.135,0.8052,0.1934,2.028,1.017,0.9934,0.9874,NA,NA,NA,NA,NA,NA,NA,NA,NA,NA,NA,NA
"CV","7/2/2021",1.988,2.148,1.922,1.875,1.962,1.898,2.04,1.948,1.863,1.975,1.988,1.949,2.036,2.088,2.103,2.103,2.063,2.037,1.894,1.987,2.043,2.101,2.043,3.492,2.051,0.03227,-0.02577,0.04187,1.946,1.973,8.908,9.25,9.312,1.987,1.788,2.011,2.072,1.958,1.979,NA,NA,NA,NA,NA,NA,NA,NA,NA,NA,NA,NA
"S IPC","7/2/2021",0.031,0.038,-0.001,-0.01245,-0.008957,0.002268,0.002246,0.007722,0.001749,0.002226,0.00226,0.00233,0.003419,0.005056,0.00513,0.004671,0.003824,0.003639,0.00107,0.002133,0.003744,0.05942,0.002205,-0.1576,0.002431,21.45,21.34,22.94,0.001073,-0.000706,0.1837,0.1776,0.1761,0.001732,0.002884,0.002898,0.004337,0.002609,0.003284,NA,NA,NA,NA,NA,NA,NA,NA,NA,NA,NA,NA
"Lblank","7/2/2021",0,0,-0.003,-0.01757,-0.01526,0.000324,0.000301,-0.000682,0.000254,0.00056,0.000342,0.000094,0.000405,0.000782,0.000912,0.003181,0.00063,0.000328,-0.000541,-0.000345,0.00073,0.002189,0.000533,0.05255,-0.000056,0.03507,0.03862,0.02693,-0.001664,-0.001029,0.01045,0.01126,0.01083,0.001292,0.00035,0.000378,-0.000236,0.000268,-0.000009,NA,NA,NA,NA,NA,NA,NA,NA,NA,NA,NA,NA
"LFB","7/2/2021",28.42,29.27,0.475,-0.01751,-0.01677,0.001727,0.000043,27.98,0.09473,0.09021,0.1845,4.644,28.31,29.69,29.73,-0.002045,0.000231,15.14,4.436,4.619,-0.002076,0.000694,0.1887,10.34,0.9995,11.04,10.57,13.16,-0.000096,0.09165,0.003055,0.003005,0.004728,-0.03131,0.002251,-0.002233,-0.01882,4.615,4.654,NA,NA,NA,NA,NA,NA,NA,NA,NA,NA,NA,NA
"54","7/2/2021",NA,347.1,0.284,0.04597,0.03599,0.9905,0.02985,114.9,0.004016,0.1651,0.4421,0.4415,180.4,340.2,363.4,23.18,0.5269,127.2,6.331,7.051,0.08568,7.503,0.4482,44.58,0.5933,4.977,4.092,8.979,-0.01408,-0.009291,2.229,2.421,2.504,-0.0417,1.209,12.17,-0.09649,1.836,1.947,"22-Jun-21","SRM","STSD2",1,"30-Jun-21","7/2/2021","54",NA,NA,NA,NA,0.5357
"57","7/2/2021",25.5,27.31,0.408,-0.01309,-0.0104,0.001661,-0.000035,25.83,0.08249,0.08047,0.1717,4.439,26.43,27.78,27.85,0.06245,0.000505,14.01,4.073,4.259,-0.000579,0.01285,0.1684,14.63,0.8759,9.826,10.98,12.8,0.004086,0.06323,-0.000202,0.002329,0.005741,-0.0289,0.003615,0.009253,-0.02354,4.046,4.14,"22-Jun-21","MFB","METHOD FORTIFIED BLANK",1,"30-Jun-21","7/2/2021","57",NA,"YES",NA,NA,NA
"60","7/2/2021",0.051,0.081,-0.007,-0.01638,-0.01369,-0.000515,-0.000058,0.06601,0.00042,-0.000373,0.000374,0.004993,0.06544,0.09051,0.0922,0.03474,-0.000176,0.03717,0.005059,0.007124,0.001371,0.003923,-0.000223,0.3762,0.000467,0.05111,0.03338,0.03964,0.002169,-0.0033,0.001549,0.000317,0.000229,0.001395,0.000168,0.002007,-0.002948,0.004143,0.007005,"22-Jun-21","BLANK","DIGEST BLANK",1,"30-Jun-21","7/2/2021","60",NA,NA,NA,NA,NA
"26 SPIKE","7/2/2021",68.85,72.86,0.525,0.479,0.5092,1.822,0.002411,143.3,0.09488,0.1028,0.2128,5.922,60.66,70.94,71.79,10.58,0.04146,30.94,7.469,8.167,-0.001438,15.92,0.2034,27.47,1.097,15.59,16.78,22.76,0.000515,0.07004,1.326,1.416,1.427,-0.04216,0.2973,1.506,-0.04786,6.901,7.128,"22-Jun-21","BN","LABORATORY FORTIFIED SAMPLE",1,"30-Jun-21","7/2/2021","26 SPIKE",NA,NA,NA,"YES",NA
"CV","7/2/2021",1.969,2.165,1.918,1.844,1.895,1.858,1.996,2.039,1.861,1.952,1.972,1.913,2.027,2.099,2.112,2.065,2.071,2.008,1.857,1.921,2.019,2.066,2.022,7.689,2.022,0.06605,0.001691,0.09983,1.922,1.975,8.831,8.96,9.031,1.966,1.67,1.963,2.032,1.966,1.925,NA,NA,NA,NA,NA,NA,NA,NA,NA,NA,NA,NA
"S IPC","7/2/2021",0.054,0.071,-0.002,-0.01227,-0.008114,0.001615,0.000874,0.04494,0.000866,0.001042,0.000967,0.001659,0.03719,0.04523,0.04681,0.02146,0.002394,0.01761,0.001753,0.003159,0.001927,0.06425,0.00109,-0.09193,0.001297,24.33,24.99,29.72,0.000002,0.003657,0.1345,0.1259,0.1261,0.002176,0.001855,0.00246,0.004127,0.003361,0.004675,NA,NA,NA,NA,NA,NA,NA,NA,NA,NA,NA,NA
"Lblank","7/2/2021",0.012,0.014,-0.003,-0.01935,-0.01711,0.000549,0.000122,0.022,0.000048,0.00037,0.000258,0.000505,0.01531,0.01656,0.01793,0.01325,0.000313,0.00629,0.000373,0.000693,0.000236,0.005638,0.000168,-0.08133,0.000595,0.03874,0.04917,0.04648,-0.001862,0.000281,0.007957,0.00857,0.009504,0.000564,0.000205,0.000652,0.000284,0.001355,0.00177,NA,NA,NA,NA,NA,NA,NA,NA,NA,NA,NA,NA
"CCV","7/14/2021",2.055,2.053,1.995,0.1895,0.191,0.1903,0.2053,1.94,0.3978,0.395,0.9966,0.3858,2.059,2.051,2.045,4.107,1.021,2.066,0.3886,0.3852,2.076,2.093,0.4115,2.082,2.017,-0.00823,-0.002633,0.05757,0.9979,0.9997,2.082,2.071,2.117,0.8006,0.1988,2.093,1.026,1.011,0.9862,NA,NA,NA,NA,NA,NA,NA,NA,NA,NA,NA,NA
"CV","7/14/2021",2.02,2.023,1.904,1.871,1.864,1.881,2.038,1.872,1.851,1.965,1.93,1.86,2.036,2.048,2.068,1.996,1.994,1.991,1.87,1.885,2.094,1.986,2.052,2.041,2.059,0.01352,-0.01104,0.04196,1.908,1.918,8.778,8.81,8.827,1.977,1.706,2.029,2.087,1.999,1.941,NA,NA,NA,NA,NA,NA,NA,NA,NA,NA,NA,NA
"S IPC","7/14/2021",0.037,0.04,0.006,0.003623,0.004947,0.001848,0.001562,0.007629,0.00167,0.001509,0.001962,0.001561,0.003796,0.00472,0.005229,0.004559,0.003025,0.003337,0.001566,0.00212,0.002413,0.06141,0.001775,-0.02238,0.002972,20.28,20.27,20.44,0.001618,-0.001599,0.35,0.322,0.3207,0.002524,0.002154,0.002525,0.000646,0.002696,0.002904,NA,NA,NA,NA,NA,NA,NA,NA,NA,NA,NA,NA
"Lblank","7/14/2021",0.001,-0.001,0.004,-0.003231,-0.003837,0.000271,0.000289,-0.001638,0.000294,0.000157,0.000321,0.000023,0.000323,0.000179,0.001923,-0.004347,0.000586,0.000171,0.000177,0.000208,0.000605,-0.000203,0.00031,-0.007873,-0.000035,0.02006,0.0398,0.02009,-0.000251,0.002009,0.005961,0.00972,0.008311,0.000494,0.000317,0.000303,0.000489,0.000406,-0.000065,NA,NA,NA,NA,NA,NA,NA,NA,NA,NA,NA,NA
"LFB","7/14/2021",28.98,29.18,0.48,-0.002709,-0.004316,0.001583,-0.000074,28.09,0.09471,0.09028,0.1828,4.618,28.9,30.62,30.67,-0.01008,-0.000016,15.63,4.514,4.619,-0.002158,-0.004145,0.1925,5.199,1.011,10.13,10.2,11.02,0.000606,0.08697,-0.003818,-0.003007,0.003778,-0.0276,0.002136,-0.002563,-0.02243,4.666,4.643,NA,NA,NA,NA,NA,NA,NA,NA,NA,NA,NA,NA
"CV","7/14/2021",2.036,2.128,1.885,1.905,1.932,1.888,2.018,2.102,1.845,1.974,1.944,1.846,2.09,2.139,2.157,2.036,1.982,2.046,1.881,1.91,2.099,2.076,2.048,2.209,2.05,0.04042,0.0494,0.07673,1.879,1.895,8.665,8.846,8.924,1.979,1.686,2.021,2.055,2.04,1.945,NA,NA,NA,NA,NA,NA,NA,NA,NA,NA,NA,NA
"S IPC","7/14/2021",0.056,0.061,0.004,0.0488,0.0521,0.01079,0.001574,0.07139,0.001373,0.001232,0.001471,0.0026,0.02196,0.02612,0.02643,0.01109,0.002735,0.01618,0.00662,0.007666,0.001964,0.09073,0.001541,-0.01255,0.002472,20.24,20.67,20.75,0.001569,0.00106,0.3491,0.3342,0.3341,0.001692,0.00248,0.002648,-0.00228,0.01155,0.01078,NA,NA,NA,NA,NA,NA,NA,NA,NA,NA,NA,NA
"Lblank","7/14/2021",0.015,0.017,0.002,0.02039,0.02273,0.006887,0.000013,0.04055,-0.000061,-0.000161,-0.00009,0.000315,0.01164,0.01394,0.0135,0.01283,-0.000026,0.008371,0.0033,0.004019,-0.000101,0.02545,0.000074,-0.01133,0.00003,0.01035,0.03878,0.01901,-0.001745,-0.003529,0.004935,0.008954,0.009106,-0.000151,0.000145,0.000297,-0.002935,0.006316,0.006888,NA,NA,NA,NA,NA,NA,NA,NA,NA,NA,NA,NA
"CV","7/14/2021",2.109,2.181,1.884,2.149,2.174,1.974,2.038,2.457,1.836,1.946,1.945,1.852,2.137,2.155,2.17,2.108,1.995,2.022,1.899,1.879,2.074,2.216,2.06,2.322,2.022,0.05533,0.05473,0.09139,1.874,1.895,8.687,8.692,8.786,1.959,1.703,2.029,2.049,2.063,2.016,NA,NA,NA,NA,NA,NA,NA,NA,NA,NA,NA,NA
"S IPC","7/14/2021",0.066,0.075,0.003,0.2074,0.2203,0.02379,0.001497,0.1342,0.001415,0.001101,0.001552,0.003204,0.0269,0.03137,0.03237,0.04892,0.002485,0.01393,0.006478,0.008049,0.002031,0.1404,0.001582,-0.02187,0.00242,20.57,21.01,21.4,0.001528,-0.000234,0.3312,0.305,0.3076,0.002117,0.00251,0.00262,-0.000393,0.02574,0.02871,NA,NA,NA,NA,NA,NA,NA,NA,NA,NA,NA,NA
"Lblank","7/14/2021",0.018,0.018,0.001,0.1382,0.1468,0.01603,-0.000034,0.05362,0.00003,-0.000082,0.000015,0.0002,0.01142,0.01205,0.0127,0.02297,-0.000076,0.004385,0.001944,0.002171,-0.000014,0.05891,0.000147,-0.0139,-0.000005,0.009122,0.02806,0.01851,-0.000935,-0.003311,0.001345,0.006432,0.00234,0.00012,0.000281,0.000237,-0.001972,0.01559,0.01508,NA,NA,NA,NA,NA,NA,NA,NA,NA,NA,NA,NA
"CV","7/14/2021",2.079,2.101,1.869,1.994,1.982,1.885,2.017,2.242,1.829,1.945,1.919,1.837,2.08,2.089,2.111,2.02,1.951,1.998,1.862,1.858,2.07,2.078,2.028,2.411,2.022,0.04552,0.03194,0.08382,1.881,1.879,8.611,8.664,8.705,1.949,1.631,1.999,2.034,2.011,1.929,NA,NA,NA,NA,NA,NA,NA,NA,NA,NA,NA,NA
"S IPC","7/14/2021",0.068,0.077,0.003,0.1383,0.1458,0.01903,0.000998,0.07221,0.000903,0.000747,0.000972,0.001837,0.02797,0.03128,0.03234,0.0367,0.00206,0.0138,0.003484,0.0045,0.001369,0.1359,0.000917,-0.01282,0.000665,20.73,21.27,21.61,0.001331,0.000057,0.34,0.3094,0.3077,0.001358,0.002086,0.00231,-0.00014,0.0215,0.02295,NA,NA,NA,NA,NA,NA,NA,NA,NA,NA,NA,NA
"Lblank","7/14/2021",0.016,0.02,0.002,0.08505,0.0906,0.007728,0.000035,0.04215,0.000005,-0.000046,0.000013,0.000344,0.01154,0.01388,0.01341,0.03062,-0.000126,0.005844,0.001411,0.0015,-0.000039,0.05297,0.000019,-0.0107,0.000086,0.01117,0.03176,0.01697,0.000543,-0.000965,0.001816,0.006713,0.007556,0.000061,0.00019,0.000259,-0.00126,0.009017,0.01027,NA,NA,NA,NA,NA,NA,NA,NA,NA,NA,NA,NA
"CV","7/14/2021",2.02,2.082,1.881,1.867,1.839,1.899,2.03,1.952,1.838,1.959,1.964,1.839,2.138,2.108,2.129,2.203,1.98,2.003,1.894,1.859,2.091,1.984,2.062,2.5,2.038,0.1633,0.1932,0.2055,1.877,1.886,8.652,8.69,8.726,1.973,1.611,2.025,2.048,2.025,1.918,NA,NA,NA,NA,NA,NA,NA,NA,NA,NA,NA,NA
"S IPC","7/14/2021",0.052,0.059,0.006,0.02335,0.02432,0.001882,0.001078,0.04122,0.000845,0.000749,0.000958,0.001947,0.02444,0.02972,0.02989,0.08438,0.002207,0.01359,0.003008,0.004557,0.001318,0.08006,0.000848,-0.02124,0.001567,20.63,21.61,21.57,0.001681,-0.001078,0.3278,0.302,0.2999,0.0015,0.001928,0.002192,-0.000691,0.004726,0.00554,NA,NA,NA,NA,NA,NA,NA,NA,NA,NA,NA,NA
"Lblank","7/14/2021",0.011,0.012,0.002,0.00561,0.006074,0.000403,-0.000017,0.01703,-0.000013,-0.000208,-0.000016,0.000093,0.01441,0.0145,0.01428,0.04937,-0.000147,0.005835,0.001274,0.001345,-0.000296,0.01546,-0.000143,-0.01344,-0.000524,0.03245,0.05826,0.0405,-0.001484,0.000066,-0.000798,0.003532,0.003483,-0.00042,0.000047,0.00032,-0.001817,0.001634,0.000868,NA,NA,NA,NA,NA,NA,NA,NA,NA,NA,NA,NA
"CCV","7/15/2021",1.996,2.098,2.049,0.1996,0.2032,0.1947,0.2029,2.011,0.404,0.3938,1.001,0.3932,2.06,2.042,2.043,4.258,1.04,2.048,0.398,0.4022,2.061,2.116,0.4021,2.111,2.008,-0.01021,-0.01415,0.06051,1.017,1.032,2.107,2.093,2.128,0.8034,0.2154,2.079,1.009,0.9777,0.9935,NA,NA,NA,NA,NA,NA,NA,NA,NA,NA,NA,NA
"CV","7/15/2021",2.061,2.127,1.997,1.931,1.93,1.994,2.055,1.984,1.94,2.026,2.032,1.957,2.03,2.036,2.054,2.124,2.033,1.975,1.975,1.982,2.112,2.017,2.064,2.11,2.053,0.01367,-0.0461,0.04385,1.98,2.007,9.07,9.142,9.154,2.023,1.893,2.055,2.049,2.034,2.012,NA,NA,NA,NA,NA,NA,NA,NA,NA,NA,NA,NA
"S IPC","7/15/2021",0.038,0.044,0.004,0.01325,0.01557,0.002113,0.001803,0.009876,0.001675,0.001746,0.002141,0.002042,0.004747,0.00536,0.005825,0.008428,0.003663,0.003627,0.001797,0.002637,0.002643,0.05767,0.002185,0.01418,0.003663,20.36,20.53,20.55,0.003456,0.005692,0.3928,0.3764,0.3765,0.002497,0.003198,0.002653,0.00448,0.003106,0.00347,NA,NA,NA,NA,NA,NA,NA,NA,NA,NA,NA,NA
"Lblank","7/15/2021",0.001,0.002,0,0.001538,0.002527,0.000296,0.000209,-0.001548,0.000198,0.000078,0.000515,0.000199,0.000422,0.000498,0.000271,-0.004069,0.000449,-0.000177,0.000192,0.000113,0.000462,-0.004394,0.000132,0.007699,0.001388,0.01702,0.008591,0.02223,0.000106,0.004619,0.009246,0.005697,0.006315,0.000694,0.000295,0.00038,0.000805,0.000639,0.000232,NA,NA,NA,NA,NA,NA,NA,NA,NA,NA,NA,NA
"LFB","7/15/2021",30.52,31.43,0.506,0.001488,0.000486,0.001806,0.000122,30.6,0.09882,0.09361,0.1956,4.809,29.49,31.35,31.37,0.0101,0.000153,15.75,4.745,4.999,-0.002138,-0.005107,0.1948,5.338,1.016,10.08,10.24,11.28,0.000733,0.09856,0.000476,-0.002541,0.000302,-0.02871,0.002509,-0.002301,-0.02032,4.85,4.939,NA,NA,NA,NA,NA,NA,NA,NA,NA,NA,NA,NA
"1","7/15/2021",0.024,0.046,-0.003,-0.000471,0.000202,-0.000439,0.000174,0.04865,0.000411,-0.000189,0.00052,0.004995,0.02618,0.04408,0.04603,0.001472,-0.000075,0.02199,0.004082,0.007093,0.001249,-0.005041,0.000436,0.1253,0.001198,0.01092,-0.01012,0.008297,0.001536,-0.002041,0.003576,0.000362,-0.001594,0.000954,0.000201,0.000608,-0.000289,0.00391,0.006727,"22-Jun-21","BLANK","DIGEST BLANK",2,"30-Jun-21","7/15/2021","1",NA,NA,NA,NA,NA
"2","7/15/2021",0.004,0.006,-0.002,-0.00105,-0.000088,-0.000476,0.000007,0.01016,0.000229,-0.000339,0.000074,0.000834,0.004167,0.005349,0.006502,-0.002842,-0.000245,0.002728,0.000623,0.000697,0.000968,-0.007166,0.000033,0.119,-0.000169,0.00204,-0.03071,-0.001154,0.001535,-0.003218,0.001729,-0.004422,-0.003048,0.000979,0.000029,0.000356,-0.001502,0.000514,0.000529,"22-Jun-21","BLANK","DIGEST BLANK",3,"30-Jun-21","7/15/2021","2",NA,NA,NA,NA,NA
"3","7/15/2021",NA,359.1,0.293,0.05922,0.04771,1.02,0.03035,123.8,0.003603,0.1609,0.4495,0.4222,186.9,349.7,371.3,24.06,0.5279,127.4,6.502,7.36,0.08758,7.857,0.433,12.7,0.5359,3.898,3.385,6.425,-0.01558,-0.01703,12.13,13.54,13.63,-0.03984,1.328,13.33,-0.09088,1.861,2.03,"22-Jun-21","SRM","STSD2",2,"30-Jun-21","7/15/2021","3",NA,NA,NA,NA,0.5259
"4","7/15/2021",NA,350.9,0.283,0.05987,0.04913,1.003,0.02954,122.2,0.003696,0.156,0.4384,0.4059,184.6,345.4,366.3,23.82,0.5114,124.3,6.286,7.152,0.0851,7.694,0.4121,12.43,0.5141,3.834,3.412,6.3,-0.01573,-0.0191,12.64,14.22,14.3,-0.04128,1.311,13.2,-0.09306,1.792,1.97,"22-Jun-21","SRM","STSD2",3,"30-Jun-21","7/15/2021","4",NA,NA,NA,NA,0.4934
"5","7/15/2021",29.91,32.93,0.482,0.000183,-0.000684,0.002367,-0.000035,31.64,0.09478,0.09336,0.2025,5.088,30.59,33.04,33.09,0.03886,0.000485,16.42,4.887,5.174,-0.001597,-0.000535,0.1918,5.11,0.9692,9.144,10.33,10.26,0.003267,0.08017,0.01279,0.02245,0.0288,-0.02825,0.004913,0.01603,-0.02325,4.708,4.955,"22-Jun-21","MFB","METHOD FORTIFIED BLANK",3,"30-Jun-21","7/15/2021","5",NA,"YES",NA,NA,NA
"6","7/15/2021",29.8,32.6,0.493,-0.000099,-0.001079,0.001295,-0.00007,31.73,0.0968,0.09411,0.2033,5.074,30.37,32.74,32.73,-0.001653,-0.000359,16.22,4.935,5.206,-0.001629,-0.01153,0.1952,5.314,0.9898,9.498,10.53,10.66,0.003103,0.08388,-0.002008,-0.0033,0.004678,-0.02861,0.002755,0.000238,-0.0241,4.781,5.014,"22-Jun-21","MFB","METHOD FORTIFIED BLANK",2,"30-Jun-21","7/15/2021","6",NA,"YES",NA,NA,NA
"S IPC","7/15/2021",0.073,0.087,0,0.1728,0.1908,0.02424,0.001393,0.1876,0.001197,0.001211,0.001329,0.003063,0.03386,0.03738,0.03776,0.04244,0.002537,0.01627,0.003743,0.005091,0.00216,0.1366,0.001391,0.01805,0.00282,20.73,20.85,21.08,0.002238,0.005741,0.3273,0.3083,0.3058,0.001679,0.002849,0.002945,0.001834,0.02509,0.03273,NA,NA,NA,NA,NA,NA,NA,NA,NA,NA,NA,NA
"Lblank","7/15/2021",0.015,0.019,0.001,0.1089,0.1185,0.007782,0.000411,0.05185,0.000361,0.000437,0.000428,0.001071,0.01535,0.01666,0.01657,0.01639,0.000275,0.005704,0.001402,0.001419,0.00042,0.02778,0.000631,0.01115,0.001215,0.01541,0.01228,0.02431,0.001548,0.004101,0.01293,0.01115,0.009266,0.000193,0.000608,0.000875,0.000488,0.008284,0.009551,NA,NA,NA,NA,NA,NA,NA,NA,NA,NA,NA,NA
"14","7/15/2021",0.235,0.445,-0.005,0.03829,0.05017,0.004538,0.000075,0.5272,0.000532,-0.000573,0.000427,0.008717,0.3532,0.5062,0.5052,0.4782,-0.000257,0.1846,0.02741,0.03909,0.001594,0.02247,0.000138,0.05772,0.001421,0.1121,0.1489,0.1165,0.005108,-0.003964,0.0267,0.03582,0.03501,0.000767,0.002388,0.01122,-0.004729,0.01323,0.02064,"7-Jul-21","BLANK","DIGEST BLANK",NA,"13-Jul-21","7/15/2021","14",NA,NA,NA,NA,NA
"15","7/15/2021",0.036,0.055,-0.006,0.02822,0.03444,0.002835,0.000032,0.0681,0.000377,-0.000631,0.000101,0.002493,0.05442,0.06676,0.06785,0.06968,-0.000796,0.02125,0.004213,0.004971,0.001448,0.005214,-0.000201,0.02253,0.000314,0.02578,0.0213,0.02169,0.003657,-0.006237,0.01293,0.01135,0.01111,0.000598,0.000308,0.001925,-0.003534,0.002503,0.003642,"7-Jul-21","BLANK","DIGEST BLANK",NA,"13-Jul-21","7/15/2021","15",NA,NA,NA,NA,NA
"16","7/15/2021",0.011,0.016,-0.005,0.02124,0.02575,0.000038,0.000027,0.0205,0.00036,-0.000909,0.000203,0.001628,0.01778,0.016,0.01789,0.01964,-0.000889,0.005093,0.001464,0.001196,0.001415,-0.00005,-0.000209,0.03189,0.000398,0.01125,-0.009875,0.006827,0.004146,-0.006933,0.009561,0.005082,0.006595,0.001514,0.000048,0.000799,-0.002886,0.001187,0.001581,"7-Jul-21","BLANK","DIGEST BLANK",NA,"13-Jul-21","7/15/2021","16",NA,NA,NA,NA,NA
"17","7/15/2021",NA,316.4,0.263,0.0708,0.06218,0.9256,0.02789,109.5,0.003877,0.146,0.4073,0.3966,181.2,326.8,345.5,21.85,0.4783,116.7,6.003,6.762,0.08647,6.654,0.3945,11.74,0.4822,3.48,3.18,5.774,-0.01032,-0.01812,9.426,10.63,10.92,-0.04103,1.206,11.85,-0.08113,1.701,1.885,"7-Jul-21","SRM","STSD2",NA,"13-Jul-21","7/15/2021","17",NA,NA,NA,NA,0.4954
"18","7/15/2021",NA,330.6,0.276,0.06719,0.05955,0.961,0.02888,113.4,0.003728,0.1507,0.4212,0.4071,184.1,337.1,356.7,22.4,0.4982,121,6.184,7.039,0.08809,6.903,0.4066,12.35,0.4987,3.635,3.422,5.968,-0.01108,-0.006688,9.84,11.25,11.45,-0.0397,1.254,12.09,-0.08739,1.767,1.951,"7-Jul-21","SRM","STSD2",NA,"13-Jul-21","7/15/2021","18",NA,NA,NA,NA,0.5132
"19","7/15/2021",NA,325.5,0.266,0.0625,0.05381,0.9478,0.02832,112.1,0.003653,0.1483,0.4159,0.4077,182.2,332.7,351.9,21.77,0.4793,120.2,6.106,6.843,0.08708,6.687,0.4001,11.95,0.4897,3.528,3.253,5.808,-0.01168,-0.02034,9.219,10.4,10.66,-0.03961,1.251,12.02,-0.07819,1.724,1.926,"7-Jul-21","SRM","STSD2",NA,"13-Jul-21","7/15/2021","19",NA,NA,NA,NA,0.5048
"20","7/15/2021",26.91,31.81,0.462,0.008569,0.0106,0.002361,0.000013,30.77,0.09025,0.08972,0.1981,4.861,29.62,32.24,32.23,0.05293,0.000368,15.7,4.775,5.03,-0.001054,0.007914,0.1829,4.891,0.907,8.498,9.959,9.622,0.004752,0.0721,0.02977,0.05144,0.053,-0.02813,0.004916,0.01594,-0.02557,4.525,4.785,"7-Jul-21","MFB","METHOD FORTIFIED BLANK",NA,"13-Jul-21","7/15/2021","20",NA,"YES",NA,NA,NA
"21","7/15/2021",27.17,30.66,0.452,0.007831,0.008849,0.001176,-0.000033,30.15,0.0896,0.08861,0.1977,4.793,28.79,31.01,31.03,0.005197,-0.000681,15.34,4.7,4.941,-0.001037,-0.006984,0.1823,4.81,0.9044,8.484,9.892,9.517,0.005397,0.06921,0.008445,0.008361,0.01695,-0.02737,0.002655,0.000691,-0.02492,4.443,4.735,"7-Jul-21","MFB","METHOD FORTIFIED BLANK",NA,"13-Jul-21","7/15/2021","21",NA,"YES",NA,NA,NA
"22","7/15/2021",26.57,30.74,0.457,0.006266,0.007386,0.000877,-0.000054,30.04,0.08995,0.08921,0.1961,4.857,28.79,30.92,30.91,0.01729,-0.000848,15.24,4.731,4.931,-0.000999,-0.009042,0.1809,4.877,0.9009,8.488,9.814,9.623,0.004064,0.07472,0.006632,0.00604,0.007414,-0.02837,0.002356,-0.001295,-0.02341,4.449,4.693,"7-Jul-21","MFB","METHOD FORTIFIED BLANK",NA,"13-Jul-21","7/15/2021","22",NA,"YES",NA,NA,NA
"CV","7/15/2021",2.436,2.598,2.029,1.96,1.937,2.036,2.084,2.554,1.99,2.075,2.076,1.988,2.557,2.69,2.701,2.55,2.087,2.187,2.043,2.064,2.162,2.047,2.116,2.266,2.104,0.1836,0.2338,0.2259,2.01,2.03,9.227,9.285,9.318,2.087,1.767,2.09,2.087,2.138,2.108,NA,NA,NA,NA,NA,NA,NA,NA,NA,NA,NA,NA
"S IPC","7/15/2021",0.173,0.187,0,0.02224,0.02483,0.004496,0.001799,0.1751,0.001676,0.001816,0.002067,0.006848,0.1907,0.2019,0.202,0.151,0.003086,0.06863,0.01596,0.01786,0.002638,0.05846,0.001865,0.02238,0.003491,20.84,21.21,21.17,0.003574,0.00514,0.3722,0.3591,0.3564,0.001123,0.003347,0.007684,0.002704,0.01313,0.01516,NA,NA,NA,NA,NA,NA,NA,NA,NA,NA,NA,NA
"Lblank","7/15/2021",0.04,0.062,0.002,0.006504,0.008347,0.001255,0.000506,0.06396,0.000503,0.000541,0.000515,0.001817,0.06029,0.07756,0.07829,0.07645,0.000616,0.02545,0.004929,0.006367,0.000551,-0.006464,0.000538,0.01376,0.001705,0.03558,0.05935,0.04153,0.000283,0.002366,0.0188,0.01798,0.02134,0.000622,0.000814,0.002036,0.001299,0.003969,0.005491,NA,NA,NA,NA,NA,NA,NA,NA,NA,NA,NA,NA
"CV","7/15/2021",2.143,2.233,2.036,2.13,2.128,2.105,2.093,2.182,1.991,2.083,2.078,1.969,2.108,2.125,2.148,2.185,1.987,2.007,2.026,2.008,2.168,2.21,2.121,2.276,2.099,0.04263,0.00687,0.08349,2.004,2.029,9.191,9.197,9.233,2.092,1.809,2.074,2.09,2.187,2.126,NA,NA,NA,NA,NA,NA,NA,NA,NA,NA,NA,NA
"S IPC","7/15/2021",-0.001,0.002,0.004,0.1428,0.09508,0.000805,0.000761,-0.00152,-0.000722,0.000679,-0.000195,0.003735,-0.000136,0.001144,0.000695,0.02032,0.000131,-0.000042,-0.000324,-0.000235,-0.001878,0.01899,0.000303,-0.004958,0.002675,-0.01322,0.0201,-0.00583,-0.00282,0.01055,0.08856,0.03619,0.03198,-0.000938,0.000623,-0.000195,0.00382,0.00042,0.001027,NA,NA,NA,NA,NA,NA,NA,NA,NA,NA,NA,NA
"Lblank","7/15/2021",0.021,0.027,0.002,0.08785,0.1051,0.01045,0.000797,0.04245,0.00081,0.000925,0.000976,0.001523,0.01453,0.01818,0.01905,0.02772,0.001224,0.0099,0.002537,0.003091,0.001037,0.03385,0.00104,-0.006405,0.001902,0.01487,-0.000661,0.01338,0.000884,0.001035,0.01317,0.01032,0.009731,0.001111,0.001526,0.001255,0.002554,0.01228,0.01507,NA,NA,NA,NA,NA,NA,NA,NA,NA,NA,NA,NA
"S IPC","7/15/2021",0.022,0.03,0.002,0.1398,0.1466,0.02989,0.00006,0.08052,-0.00006,0.000052,0.000035,0.000805,0.01191,0.01308,0.01366,0.05732,0.000077,0.005283,0.003145,0.003177,-0.000055,0.09104,-0.000053,0.007259,0.000832,20.57,20.97,21.05,0.000439,0.002919,0.02598,0.01773,0.0196,-0.000591,0.000683,0.000498,-0.000146,0.02879,0.03161,NA,NA,NA,NA,NA,NA,NA,NA,NA,NA,NA,NA
"CV","7/15/2021",2.154,2.215,2.013,2.05,2.042,2.054,2.064,2.145,1.963,2.055,2.042,1.953,2.152,2.131,2.138,2.17,2.021,1.99,1.994,1.978,2.142,2.161,2.053,2.296,2.067,0.05724,-0.006264,0.09654,1.986,2.007,9.119,9.068,9.119,2.061,1.825,2.046,2.064,2.13,2.074,NA,NA,NA,NA,NA,NA,NA,NA,NA,NA,NA,NA
"S IPC","7/15/2021",0.019,0.028,0.001,0.08486,0.09713,0.01396,0.001145,0.04631,0.001138,0.001225,0.001393,0.002472,0.02084,0.02508,0.02526,0.04775,0.002423,0.01033,0.004303,0.005581,0.001924,0.04668,0.001306,0.01098,0.001673,20.69,21.22,21.18,0.00142,0.004488,0.03097,0.03045,0.02867,0.001836,0.002469,0.001778,0.000442,0.0151,0.01775,NA,NA,NA,NA,NA,NA,NA,NA,NA,NA,NA,NA
"Lblank","7/15/2021",0.007,0.011,0.002,0.05571,0.06022,0.004841,0.000704,0.01386,0.000599,0.000541,0.00057,0.00118,0.00711,0.00863,0.01018,0.02416,0.000604,0.002914,0.001591,0.00193,0.000761,0.02078,0.000668,0.01752,0.001158,0.01408,0.01212,0.01888,0.000871,0.003061,0.007709,0.002803,0.002666,0.001198,0.000646,0.000751,0.001302,0.005848,0.006767,NA,NA,NA,NA,NA,NA,NA,NA,NA,NA,NA,NA
"CV","7/15/2021",2.194,2.309,2.006,1.953,1.913,2.014,2.071,2.459,1.963,2.054,2.045,1.955,2.237,2.301,2.326,2.237,2.013,2.047,2.009,2.011,2.144,2.012,2.052,2.371,2.064,0.1161,0.1513,0.1666,1.979,2.007,9.113,9.083,9.13,2.063,1.802,2.046,2.063,2.114,2.052,NA,NA,NA,NA,NA,NA,NA,NA,NA,NA,NA,NA
"S IPC","7/15/2021",0.035,0.041,0.004,0.02639,0.02921,0.00489,0.00163,0.094,0.00128,0.001351,0.001514,0.003525,0.04044,0.04863,0.04821,0.06821,0.002836,0.01918,0.008949,0.01006,0.002251,0.01611,0.00137,0.02162,0.002679,20.78,21.2,21.32,0.002445,0.003345,0.03104,0.0332,0.02994,0.002379,0.002845,0.002838,0.001416,0.007707,0.009736,NA,NA,NA,NA,NA,NA,NA,NA,NA,NA,NA,NA
"Lblank","7/15/2021",0.009,0.012,-0.001,0.01665,0.01849,0.001713,0.000689,0.02731,0.000633,0.00058,0.000602,0.001015,0.01297,0.01574,0.01717,0.0311,0.000726,0.005651,0.002703,0.003016,0.000884,0.003207,0.0007,0.01146,0.001357,0.01938,0.03479,0.02817,0.000643,0.002524,0.007965,0.002851,0.004112,0.00115,0.000717,0.001013,-0.000147,0.002889,0.003279,NA,NA,NA,NA,NA,NA,NA,NA,NA,NA,NA,NA
"cal blank","7/15/2021",-0.001,0.002,0.004,0.000358,0.007494,0.000603,0.000748,0.003338,-0.000659,0.000413,-0.000153,0.003529,-0.00012,0.001706,0.002516,0.01018,-0.000082,0.000282,-0.00029,0.000181,-0.001575,-0.003867,-0.000026,0.001909,0.00237,-0.01448,0.001018,-0.004364,-0.00177,0.01123,-0.001643,-0.004662,-0.006207,-0.001215,0.000014,-0.000175,0.001815,-0.000081,0.000338,NA,NA,NA,NA,NA,NA,NA,NA,NA,NA,NA,NA
"cal std 1","7/15/2021",0.007,0.009,10.08,1.072,1.101,1.023,-0.000005,10.08,2.041,0.000209,-0.000084,1.982,0.003421,0.003682,0.01107,0.1005,0.001237,0.003063,2.035,2.001,0.000483,0.005207,0.001254,-0.000836,0.003174,0.2135,0.2192,0.4558,4.999,5.072,0.06842,0.06171,0.05849,-0.016,0.001046,-0.000761,-0.009892,0.006609,0.006239,NA,NA,NA,NA,NA,NA,NA,NA,NA,NA,NA,NA
"cal std 5","7/15/2021",0.003,0.004,0.009,0.0458,0.05653,0.001658,1.003,0.02398,-0.000493,0.000404,-0.001075,0.002439,10.1,10.08,10.09,0.07761,0.000784,10.02,0.002019,0.002323,-0.000573,0.003161,2.009,0.01603,10.01,0.03662,0.03236,0.1683,0.007677,0.008398,0.01478,0.01059,0.008047,0.000105,-0.00005,0.000276,4.998,0.005869,0.005991,NA,NA,NA,NA,NA,NA,NA,NA,NA,NA,NA,NA
"CCV","7/19/2021",2.041,2.083,2.04,0.2113,0.221,0.1938,0.2054,2.06,0.4047,0.3956,1.02,0.3994,2.052,2.086,2.08,4.3,1.072,2.078,0.3973,0.4098,2.079,2.142,0.4111,2.088,2.021,0.01937,0.03064,0.08678,1.015,1.028,2.118,2.169,2.211,0.8144,0.2099,2.106,1.016,1.003,1.035,NA,NA,NA,NA,NA,NA,NA,NA,NA,NA,NA,NA
"CV","7/19/2021",2.048,2.094,1.976,1.9,1.915,1.968,2.045,1.955,1.914,2.011,2.069,1.932,2.056,2.034,2.041,2.084,2.021,1.97,1.959,1.986,2.119,2.038,2.072,2.02,2.048,0.02518,-0.005137,0.04769,1.965,1.977,9.055,9.3,9.327,2.054,1.722,2.058,2.061,2.078,2.032,NA,NA,NA,NA,NA,NA,NA,NA,NA,NA,NA,NA
"S IPC","7/19/2021",0.003,0.005,0.001,0.004866,0.006337,0.001676,0.001446,0.004473,0.001328,0.001545,0.001514,0.001819,0.001698,0.001995,0.002772,0.01688,0.003123,0.002627,0.000669,0.001402,0.002236,0.009161,0.001558,0.01077,0.002046,20.26,20.14,20.46,0.001533,0.000098,0.02988,0.03462,0.03958,0.002179,0.002418,0.001686,0.003436,0.001665,0.002511,NA,NA,NA,NA,NA,NA,NA,NA,NA,NA,NA,NA
"Lblank","7/19/2021",0,0,0.001,0.000652,-0.000054,0.000185,0.000113,-0.000062,0.000243,0.000185,0.000232,0.000147,0.000231,-0.000059,0.001133,0.005913,0.000352,0.000127,-0.000569,-0.00074,0.000521,0.005373,0.00018,-0.000085,0.000514,0.02106,0.02697,0.01738,-0.0001,-0.000508,0.005021,0.003125,0.008787,-0.000113,0.000169,0.000228,0.000767,0.000059,0.000572,NA,NA,NA,NA,NA,NA,NA,NA,NA,NA,NA,NA
"LFB","7/19/2021",30.07,30.15,0.495,0.000409,-0.001079,0.001914,0.000106,29.65,0.09777,0.09266,0.1949,4.794,29.32,30.43,30.41,0.009061,0.000235,15.46,4.73,4.874,-0.001636,0.006759,0.1944,5.118,1.003,10.11,10.07,11.04,0.000626,0.09416,-0.00183,0.000009,0.006577,-0.02856,0.00232,-0.002174,-0.02016,4.948,4.973,NA,NA,NA,NA,NA,NA,NA,NA,NA,NA,NA,NA
"CV","7/19/2021",2.201,2.274,2.011,2.167,2.212,2.062,2.082,2.377,1.943,2.046,2.093,1.993,2.149,2.169,2.182,2.239,2.01,2.063,2.008,2.059,2.15,2.269,2.102,2.116,2.085,0.04559,0.004523,0.07579,1.988,2.013,9.268,9.562,9.552,2.079,1.795,2.102,2.09,2.178,2.161,NA,NA,NA,NA,NA,NA,NA,NA,NA,NA,NA,NA
"S IPC","7/19/2021",0.02,0.03,0.003,0.1633,0.1777,0.01691,0.001254,0.07437,0.001162,0.00109,0.001218,0.002702,0.01347,0.01748,0.01979,0.04749,0.002553,0.01011,0.003764,0.005474,0.001809,0.08331,0.0013,0.01002,0.001832,20.35,20.28,20.57,0.001437,0.003872,0.02813,0.03433,0.03683,0.002391,0.002366,0.001714,0.001943,0.01848,0.02464,NA,NA,NA,NA,NA,NA,NA,NA,NA,NA,NA,NA
"Lblank","7/19/2021",0.006,0.007,0.003,0.1099,0.1213,0.0061,0.000433,0.02284,0.000437,0.000425,0.000466,0.000853,0.004759,0.005206,0.00635,0.03258,0.000535,0.00283,0.000906,0.00091,0.000644,0.04906,0.000595,0.008236,0.000798,0.01756,0.01583,0.01397,0.000637,-0.000418,0.007108,0.006757,0.004856,0.001009,0.00049,0.000569,0.001044,0.007083,0.009214,NA,NA,NA,NA,NA,NA,NA,NA,NA,NA,NA,NA
"CV","7/19/2021",2.216,2.257,2.003,2.11,2.127,2.06,2.096,2.375,1.949,2.054,2.101,1.98,2.189,2.193,2.204,2.237,1.988,2.047,2.012,2.037,2.155,2.228,2.106,2.149,2.091,0.05019,0.0104,0.0875,1.979,2.006,9.232,9.426,9.486,2.099,1.793,2.101,2.089,2.212,2.137,NA,NA,NA,NA,NA,NA,NA,NA,NA,NA,NA,NA
"S IPC","7/19/2021",0.03,0.038,0.003,0.1385,0.1477,0.01767,0.001393,0.1187,0.001249,0.001224,0.00133,0.003365,0.02696,0.03419,0.03565,0.06582,0.002533,0.01486,0.005817,0.007497,0.001718,0.1005,0.001425,0.02557,0.001938,20.25,20.21,20.51,0.001351,0.001822,0.02986,0.03496,0.03721,0.001873,0.002568,0.002225,0.002048,0.02029,0.02692,NA,NA,NA,NA,NA,NA,NA,NA,NA,NA,NA,NA
"Lblank","7/19/2021",0.008,0.011,0.004,0.1004,0.1103,0.005731,0.000468,0.03144,0.000562,0.000444,0.000503,0.000902,0.008906,0.009871,0.0103,0.03826,0.000607,0.003925,0.00137,0.001309,0.00078,0.06078,0.000584,0.01788,0.000313,0.01872,0.02484,0.02077,0.000952,0.003088,0.007737,0.006653,0.00573,0.000374,0.000518,0.000734,0.000862,0.007521,0.008832,NA,NA,NA,NA,NA,NA,NA,NA,NA,NA,NA,NA
"CV","7/19/2021",2.017,2.216,1.345,1.962,2.139,1.947,2.091,2.179,1.394,1.463,1.956,1.831,2.01,2.122,2.135,2.24,2.028,2.033,1.875,2.028,1.541,2.253,1.966,1.401,1.477,0.03387,-0.005385,0.05118,1.403,1.346,8.524,9.444,9.479,1.483,1.847,1.952,1.402,1.575,2.136,NA,NA,NA,NA,NA,NA,NA,NA,NA,NA,NA,NA
"S IPC","7/19/2021",0.02,0.03,0.003,0.132,0.1554,0.01844,0.001283,0.05836,0.001328,0.001338,0.001361,0.002836,0.0153,0.0205,0.02231,0.05281,0.002698,0.0106,0.002893,0.004492,0.001777,0.08993,0.001382,0.005442,0.001939,20.3,20.35,20.57,0.001727,0.0008,0.02944,0.03431,0.03714,0.001891,0.002608,0.001693,0.001615,0.01967,0.02693,NA,NA,NA,NA,NA,NA,NA,NA,NA,NA,NA,NA
"Lblank","7/19/2021",-0.001,0,0.003,0.01531,0.02727,0.000842,0.000488,0.000553,-0.000214,0.000465,-0.000014,0.002158,0.000311,0.000166,0.001073,0.0222,0.000093,-0.00032,-0.000743,-0.000967,-0.000768,0.0316,0.000142,-0.001679,0.002342,-0.002396,-0.005853,0.001704,-0.00138,0.005112,0.001716,0.003005,0.005034,-0.000784,-0.000002,-0.000026,0.001288,0.000677,0.001509,NA,NA,NA,NA,NA,NA,NA,NA,NA,NA,NA,NA
"cal std 1","7/19/2021",0.002,0,10.06,1.107,1.143,1.03,0.000039,10.13,2.046,0.000461,0.000055,2.032,0.002036,0.001794,0.01138,0.1016,0.001485,0.000167,2.027,2.028,0.00081,0.03966,0.001124,0.01593,0.002156,0.1411,0.164,0.3696,5.006,5.052,0.06724,0.06596,0.06816,-0.01655,0.000939,-0.000644,-0.01031,0.007002,0.007064,NA,NA,NA,NA,NA,NA,NA,NA,NA,NA,NA,NA
"cal std 5","7/19/2021",0.009,0.015,-0.002,0.0492,0.05703,0.00103,1.006,0.00751,-0.001321,0.000546,0.003101,0.000488,10.09,10.05,10.04,0.08379,0.00055,10.05,-0.000253,-0.00175,-0.000097,0.03286,2.025,0.007007,10.04,-0.09134,-0.1462,0.03113,0.001267,0.000691,0.02578,0.03187,0.0324,0.003185,-0.000038,0.000342,5.04,0.009278,0.01172,NA,NA,NA,NA,NA,NA,NA,NA,NA,NA,NA,NA
"Lblank","11/17/2021",0,0,0,-0.001,-0.001,0,0,0,0,0,0,0,0.001,0.001,0.001,0.009,0,0,0,0,0,0,0,-0.002,0,0.002,0.005,0.003,-0.002,-0.001,0.004,0.004,0.003,0,0,0,0.002,0,0,NA,NA,NA,NA,NA,NA,NA,NA,NA,NA,NA,NA
"CCV","11/17/2021",1.925,1.893,2.017,0.202,0.196,0.198,0.206,1.937,0.339,0.379,0.986,0.387,2,1.955,1.953,4.038,1.025,1.961,0.392,0.387,2.054,2.056,0.389,2.05,1.958,0.029,0.001,0,1.041,0.999,2.016,2.013,1.983,0.783,0.192,2.078,0.997,0.953,0.95,NA,NA,NA,NA,NA,NA,NA,NA,NA,NA,NA,NA
"CV","11/17/2021",1.968,1.993,2.032,2.004,1.99,2.05,2.089,1.975,1.757,1.972,1.919,1.983,2.015,2.017,1.998,2.185,2.064,1.939,2.022,2.004,2.146,2.356,2.005,2.083,2.003,0.077,0.044,0.035,2.051,2.003,8.783,8.766,8.806,1.839,1.753,2.108,1.979,1.904,1.93,NA,NA,NA,NA,NA,NA,NA,NA,NA,NA,NA,NA
"Lblank","11/17/2021",0,0.003,0.001,-0.001,-0.001,0,0,0,0,0,0,0,0.001,0.001,0.003,-0.007,0,0.001,0,0,0,-0.001,0,-0.001,0,0.007,0.069,0.013,-0.001,0,0.005,0.004,0.006,0,0,0,-0.001,0,0,NA,NA,NA,NA,NA,NA,NA,NA,NA,NA,NA,NA
"CCV","11/17/2021",1.931,1.928,2.045,0.204,0.207,0.2,0.207,1.999,0.341,0.39,0.987,0.389,2.036,1.981,1.98,3.921,0.984,1.982,0.398,0.406,2.028,1.998,0.391,2.027,1.963,0.026,0.052,0.009,1.052,1.002,2.004,2.061,2.037,0.796,0.197,2.09,0.99,0.981,0.968,NA,NA,NA,NA,NA,NA,NA,NA,NA,NA,NA,NA
"CV","11/17/2021",2.031,1.987,2.05,2.02,2.034,2.056,2.085,2.007,1.783,2.047,1.935,2.007,2.066,2.014,1.997,2.105,1.957,1.934,2.022,2.041,2.139,2.278,2.026,2.091,2.025,0.075,0.096,0.042,2.09,2.021,8.829,8.733,8.997,1.885,1.79,2.09,1.989,1.977,1.945,NA,NA,NA,NA,NA,NA,NA,NA,NA,NA,NA,NA
"S IPC","11/17/2021",0.002,0.005,0.002,0.003,0.004,0.002,0.002,0.001,0.001,0.002,0.002,0.002,0.002,0.003,0.005,-0.003,0.003,0.003,0.002,0.003,0.002,0.004,0,-0.015,-0.009,26.57,26.5,26.54,0.002,0.003,0.018,0.019,0.021,0.002,0.002,0.002,0,0.002,0.003,NA,NA,NA,NA,NA,NA,NA,NA,NA,NA,NA,NA
"LFB","11/17/2021",29.33,30.71,0.542,0.052,0.029,-0.003,-0.031,31.4,0.092,0.094,0.182,4.945,28.49,30.61,30.72,0.008,0.001,15.56,4.866,5.189,0.002,0.003,0.185,5.397,1.01,15.95,14.55,15.23,-0.003,0.124,0.003,0.001,-0.008,0,0.001,0,-0.01,4.921,4.87,NA,NA,NA,NA,NA,NA,NA,NA,NA,NA,NA,NA
"MFB 1.1","11/17/2021",13.98,15.15,0.241,0.032,0.018,-0.002,-0.015,15.49,0.041,0.046,0.092,2.478,14.76,15.35,15.34,-0.007,0,7.694,2.476,2.593,0.001,0.002,0.09,2.316,0.471,6.364,6.72,6.207,-0.001,0.053,0.005,0.002,0.001,-0.001,0,0,-0.008,2.307,2.308,NA,NA,NA,NA,NA,NA,NA,NA,NA,NA,NA,NA
"MFB 1.8","11/17/2021",4.029,4.084,0.067,0.008,0.003,0,-0.004,4.24,0.012,0.013,0.026,0.664,4.061,4.197,4.175,-0.013,0,2.091,0.691,0.703,0,-0.001,0.026,0.681,0.138,1.916,1.894,1.868,-0.001,0.014,0.001,0,0.001,-0.001,0,0,-0.004,0.654,0.66,NA,NA,NA,NA,NA,NA,NA,NA,NA,NA,NA,NA
"MFB 2.1","11/17/2021",13.79,15.13,0.248,0.032,0.018,-0.002,-0.016,15.62,0.041,0.046,0.093,2.471,15.08,15.43,15.42,-0.003,0,7.678,2.534,2.605,0.001,-0.001,0.092,2.363,0.48,6.465,6.842,6.293,0,0.05,0.004,0.003,0.004,-0.001,0,0,-0.007,2.287,2.349,NA,NA,NA,NA,NA,NA,NA,NA,NA,NA,NA,NA
"MFB 2.8","11/17/2021",4.168,4.085,0.071,0.009,0.006,0,-0.004,4.242,0.012,0.013,0.026,0.653,4.099,4.167,4.15,-0.01,0,2.087,0.697,0.698,0,0.003,0.026,0.687,0.14,1.942,1.935,1.886,-0.001,0.014,0.001,0.001,-0.001,-0.001,0,0,-0.002,0.679,0.664,NA,NA,NA,NA,NA,NA,NA,NA,NA,NA,NA,NA
"1","11/17/2021",24.16,28.79,0.434,0.065,0.047,-0.003,-0.029,29.59,0.074,0.082,0.172,4.7,26.53,28.8,28.78,0.019,0,14.31,4.476,4.887,0.001,0.015,0.159,4.122,0.808,11.25,12.98,11.01,0,0.092,0.022,0.025,0.019,-0.002,0.004,0,-0.009,4.092,4.328,NA,"MFB","METHOD FORTIFIED BLANK",NA,"15-Nov-21","11/17/2021","1",NA,NA,NA,NA,NA
"2","11/17/2021",24.2,29.16,0.455,0.056,0.03,-0.003,-0.029,29.3,0.076,0.084,0.174,4.72,26.68,28.89,29,0.006,0.001,14.44,4.588,4.933,0.001,0.002,0.161,4.306,0.839,11.91,13.31,11.54,0.001,0.09,0.021,0.021,0.017,-0.001,0,0,-0.01,4.185,4.313,NA,"MFB","METHOD FORTIFIED BLANK",NA,"15-Nov-21","11/17/2021","2",NA,NA,NA,NA,NA
"Lblank","11/17/2021",0.33,0.426,0.001,0,0,0.006,-0.002,2.43,0,0,0.001,0.017,0.399,0.488,0.486,0.198,0,0.183,0.095,0.118,0,0.011,0.001,0.039,0.003,0.184,0.291,0.191,-0.001,0.001,0.011,0.013,0.014,0,0.005,0.009,-0.002,0.024,0.03,NA,NA,NA,NA,NA,NA,NA,NA,NA,NA,NA,NA
"CV","11/17/2021",2.101,2.085,2.058,2.034,2.075,2.063,2.085,2.346,1.793,2.065,1.953,2.044,2.14,2.105,2.101,2.167,2.016,1.989,2.045,2.083,2.154,2.33,2.044,2.075,2.034,0.103,0.089,0.062,2.104,2.022,8.828,8.818,9.006,1.905,1.827,2.11,1.985,2.007,1.954,NA,NA,NA,NA,NA,NA,NA,NA,NA,NA,NA,NA
"S IPC","11/17/2021",0.021,0.025,0,0.002,0.002,0.002,0.001,0.101,0.001,0.002,0.001,0.004,0.021,0.025,0.025,0.004,0.002,0.012,0.006,0.008,0.002,0.004,-0.001,-0.015,-0.01,26.57,26.62,26.52,0.001,0,0.016,0.019,0.021,0.001,0.002,0.002,0,0.003,0.005,NA,NA,NA,NA,NA,NA,NA,NA,NA,NA,NA,NA
"cal blank","11/17/2021",0.007,0.012,0,-0.001,-0.002,0,0,0.028,0,0,0,0.001,0.005,0.006,0.007,0,0,0.004,0.001,0.002,0,-0.001,0,-0.003,-0.001,0.004,0.049,0.016,-0.001,0,0.001,-0.001,0.003,0,0,0,-0.001,0.001,0,NA,NA,NA,NA,NA,NA,NA,NA,NA,NA,NA,NA
"3","11/17/2021",24.28,29.71,0.455,0.057,0.031,-0.003,-0.03,30.11,0.076,0.085,0.175,4.773,27.13,29.61,29.7,0.006,0.001,14.77,4.675,5.043,0.002,0.003,0.171,4.299,0.844,11.66,13.29,11.38,0,0.098,0.02,0.021,0.013,-0.001,0.001,0,-0.011,4.354,4.557,NA,"MFB","METHOD FORTIFIED BLANK",NA,"15-Nov-21","11/17/2021","3",NA,NA,NA,NA,NA
"4","11/17/2021",NA,289.5,0.299,-0.052,-0.053,0.851,-0.042,105.5,0.005,0.1,0.358,0.375,158.8,289.7,308.4,19.97,0.42,105.5,5.654,6.457,0.087,6.262,0.328,9.793,0.401,4.809,5.677,4.744,-0.035,-0.037,6.34,7.271,7.378,0.019,1.06,11.46,-0.003,1.482,1.662,NA,"SRM","STSD2",NA,"15-Nov-21","11/17/2021","4",NA,NA,NA,NA,NA
"5","11/17/2021",NA,317.6,0.322,-0.117,-0.092,0.913,-0.045,113.2,0.006,0.109,0.388,0.402,161.4,309.9,332.2,21.95,0.466,114.1,6.098,6.986,0.094,6.958,0.354,10.54,0.429,5.184,6.07,5.135,-0.038,-0.057,7.988,9.231,9.21,0.023,1.158,12.31,0.004,1.59,1.782,NA,"SRM","STSD2",NA,"15-Nov-21","11/17/2021","5",NA,NA,NA,NA,NA
"6","11/17/2021",NA,387,0.385,-0.256,-0.177,1.107,-0.058,140.3,0.006,0.128,0.473,0.507,178.7,369.3,403.3,27.31,0.572,136.5,7.179,8.386,0.112,8.509,0.425,12.51,0.5,6.067,7.353,6.074,-0.046,-0.08,9.127,10.28,10.33,0.028,1.4,15.09,0,1.926,2.086,NA,"SRM","STSD2",NA,"15-Nov-21","11/17/2021","6",NA,NA,NA,NA,NA
"7","11/17/2021",0.333,0.572,-0.007,0.001,-0.001,0.001,0,0.206,0.001,0,0,0.004,0.48,0.602,0.6,0.035,0,0.196,0.009,0.012,0,0.013,-0.002,0.029,0.001,0.006,0.065,0.018,0,0.007,0.033,0.041,0.044,-0.002,0.002,0.02,-0.004,0.003,0.004,NA,"BLANK","DIGEST BLANK",1,"15-Nov-21","11/17/2021","7",NA,NA,NA,NA,NA
"8","11/17/2021",0.048,0.083,-0.003,-0.001,-0.002,0,0,0.038,0.001,0,0,0.003,0.071,0.089,0.089,-0.006,-0.001,0.03,0.001,0.002,0,0.002,-0.002,0.024,-0.001,0.002,0.059,0.015,0.001,0.005,0.021,0.025,0.024,-0.002,0,0.003,-0.003,0.004,0.004,NA,"BLANK","DIGEST BLANK",2,"15-Nov-21","11/17/2021","8",NA,NA,NA,NA,NA
"9","11/17/2021",0.019,0.028,-0.003,-0.001,-0.003,0,0,0.017,0.001,0,0,0.003,0.02,0.025,0.024,-0.006,-0.001,0.009,0,0,0,0.001,-0.003,0.02,0,0.007,0.077,0.01,-0.001,0.006,0.018,0.021,0.026,-0.002,0,0.001,-0.005,0,0.001,NA,"BLANK","DIGEST BLANK",3,"15-Nov-21","11/17/2021","9",NA,NA,NA,NA,NA
"10","11/17/2021",0.009,0.015,-0.003,-0.001,-0.003,0,0,0.013,0.001,0,0,0.002,0.006,0.008,0.008,-0.008,-0.001,0.003,0,0,0,0,-0.003,0.014,-0.001,0.006,0.05,0.011,0,0.008,0.017,0.021,0.026,-0.002,0,0.001,-0.004,0,0,NA,"BLANK","DIGEST BLANK",4,"15-Nov-21","11/17/2021","10",NA,NA,NA,NA,NA
"Lblank","11/17/2021",0.221,0.245,-0.001,-0.001,-0.002,0.003,-0.001,1.365,0,0.001,0,0.009,0.354,0.393,0.392,0.131,0,0.127,0.042,0.048,0,0.011,0,0.033,0.001,0.121,0.197,0.133,0,-0.003,0.011,0.012,0.015,-0.001,0.003,0.009,-0.002,0.013,0.016,NA,NA,NA,NA,NA,NA,NA,NA,NA,NA,NA,NA
"CV","11/17/2021",2.105,2.081,2.07,2.033,2.086,2.077,2.103,2.282,1.816,2.092,1.978,2.026,2.161,2.122,2.099,2.185,2.018,2.001,2.046,2.09,2.178,2.348,2.068,2.054,2.052,0.106,0.135,0.066,2.12,2.034,8.903,8.914,8.976,1.925,1.796,2.107,1.994,2.041,1.99,NA,NA,NA,NA,NA,NA,NA,NA,NA,NA,NA,NA
"S IPC","11/17/2021",0.016,0.018,0,0,0,0.002,0.001,0.113,0.001,0.001,0.001,0.003,0.024,0.027,0.028,0.013,0.002,0.011,0.004,0.005,0.001,0.007,-0.001,-0.009,-0.01,26.8,26.86,26.77,0.001,0.004,0.015,0.017,0.021,0.001,0.002,0.002,0,0.003,0.004,NA,NA,NA,NA,NA,NA,NA,NA,NA,NA,NA,NA
"Lblank","11/17/2021",0.179,0.235,-0.002,0,-0.001,0.003,-0.001,0.768,0,0,0,0.009,0.309,0.4,0.4,0.254,0,0.122,0.044,0.057,0,0.023,0,0.037,0.002,0.179,0.29,0.179,-0.001,0.002,0.011,0.015,0.017,0,0.002,0.008,-0.003,0.015,0.019,NA,NA,NA,NA,NA,NA,NA,NA,NA,NA,NA,NA
"CV","11/17/2021",2.158,2.079,2.079,2.054,2.081,2.1,2.126,2.269,1.824,2.092,1.967,2.046,2.205,2.148,2.125,2.292,2.004,2,2.076,2.102,2.176,2.363,2.07,2.111,2.049,0.148,0.205,0.105,2.098,2.045,8.853,8.929,9.081,1.928,1.783,2.123,2.002,2.057,2.008,NA,NA,NA,NA,NA,NA,NA,NA,NA,NA,NA,NA
"S IPC","11/17/2021",0.021,0.028,0.003,0.001,0.001,0.002,0.001,0.108,0.001,0.002,0.002,0.003,0.038,0.042,0.042,0.06,0.002,0.015,0.007,0.009,0.002,0.015,-0.001,-0.011,-0.009,27.45,27.35,27.27,0.002,0.002,0.017,0.019,0.024,0.001,0.002,0.003,-0.002,0.004,0.005,NA,NA,NA,NA,NA,NA,NA,NA,NA,NA,NA,NA
"Lblank","11/17/2021",0.157,0.203,-0.001,0.079,0.085,0.011,-0.001,0.474,0,0,0,0.007,0.258,0.325,0.325,0.153,0,0.103,0.033,0.043,0,0.054,0,0.017,0,0.092,0.151,0.096,-0.001,0.002,0.01,0.013,0.013,0,0.001,0.007,-0.003,0.02,0.022,NA,NA,NA,NA,NA,NA,NA,NA,NA,NA,NA,NA
"CV","11/17/2021",2.145,2.02,2.07,2.133,2.112,2.091,2.116,2.082,1.82,2.082,1.968,2.076,2.145,2.07,2.054,2.21,1.965,1.948,2.059,2.048,2.163,2.35,2.057,2.082,2.052,0.102,0.134,0.059,2.105,2.029,8.897,8.765,9.131,1.923,1.812,2.129,1.987,2.047,1.972,NA,NA,NA,NA,NA,NA,NA,NA,NA,NA,NA,NA
"S IPC","11/17/2021",0.014,0.016,0,0.044,0.051,0.004,0.001,0.036,0.001,0.001,0.001,0.002,0.02,0.021,0.02,0.052,0.001,0.008,0.004,0.004,0.002,0.029,-0.001,-0.011,-0.009,26.36,27,26.4,0.001,0.001,0.014,0.018,0.016,0.002,0.001,0.002,-0.001,0.005,0.006,NA,NA,NA,NA,NA,NA,NA,NA,NA,NA,NA,NA
"Lblank","11/17/2021",0.168,0.242,-0.001,0.092,0.1,0.015,-0.001,0.537,0,0,0,0.008,0.22,0.301,0.3,0.205,0,0.148,0.058,0.081,0,0.071,0.001,0.03,0.001,0.09,0.178,0.095,-0.001,0.001,0.011,0.012,0.019,0,0.001,0.006,-0.002,0.021,0.025,NA,NA,NA,NA,NA,NA,NA,NA,NA,NA,NA,NA
"CV","11/17/2021",2.128,2.049,2.084,2.13,2.156,2.101,2.12,2.176,1.81,2.076,1.96,2.052,2.157,2.1,2.085,2.265,1.986,1.983,2.07,2.084,2.176,2.38,2.063,2.1,2.048,0.108,0.143,0.075,2.097,2.05,8.839,8.87,9.118,1.922,1.816,2.122,1.997,2.052,2.003,NA,NA,NA,NA,NA,NA,NA,NA,NA,NA,NA,NA
"S IPC","11/17/2021",0.013,0.018,-0.001,0.053,0.075,0.004,0.001,0.053,0.001,0.001,0.001,0.002,0.02,0.021,0.021,0.062,0.001,0.01,0.006,0.007,0.002,0.037,-0.001,-0.015,-0.01,26.94,28.3,27.1,0.001,0.002,0.016,0.02,0.022,0.001,0.002,0.002,-0.001,0.006,0.008,NA,NA,NA,NA,NA,NA,NA,NA,NA,NA,NA,NA
"Lblank","11/17/2021",0.094,0.105,0.001,0.105,0.119,0.027,-0.001,0.647,0,0,0,0.005,0.083,0.101,0.101,0.095,0,0.041,0.017,0.018,0,0.102,0,0.006,0,0.037,0.083,0.04,-0.001,0.003,0.009,0.009,0.015,0,0.002,0.002,-0.001,0.033,0.04,NA,NA,NA,NA,NA,NA,NA,NA,NA,NA,NA,NA
"CV","11/17/2021",2.136,2.039,2.11,2.154,2.16,2.13,2.14,2.299,1.85,2.131,2.012,2.079,2.179,2.129,2.111,2.254,1.946,1.986,2.092,2.117,2.216,2.389,2.108,2.119,2.101,0.106,0.147,0.07,2.147,2.078,9.066,9.056,9.218,1.97,1.786,2.155,2.033,2.113,2.112,NA,NA,NA,NA,NA,NA,NA,NA,NA,NA,NA,NA
"S IPC","11/17/2021",0.008,0.009,0,0.047,0.05,0.004,0.001,0.053,0.001,0.001,0.001,0.002,0.009,0.01,0.01,0.051,0.001,0.005,0.003,0.003,0.002,0.037,-0.001,-0.015,-0.011,27.22,27.53,27.21,0,0,0.014,0.017,0.02,0.001,0.001,0.001,0,0.006,0.006,NA,NA,NA,NA,NA,NA,NA,NA,NA,NA,NA,NA
"Lblank","11/17/2021",0.062,0.081,-0.001,0.114,0.137,0.046,0,0.268,0,0,0,0.005,0.053,0.061,0.063,0.098,0,0.028,0.011,0.013,0,0.13,0.001,-0.001,0,0.024,0.086,0.035,-0.001,-0.002,0.008,0.007,0.014,-0.001,0.001,0.001,-0.002,0.045,0.053,NA,NA,NA,NA,NA,NA,NA,NA,NA,NA,NA,NA
"CV","11/17/2021",2.119,1.996,2.078,2.117,2.108,2.104,2.097,2.094,1.813,2.083,1.972,2.057,2.124,2.043,2.031,2.22,1.953,1.956,2.065,2.058,2.172,2.362,2.057,2.051,2.041,0.093,0.134,0.051,2.102,2.038,8.851,8.803,9.163,1.92,1.797,2.132,2.018,2.061,2.016,NA,NA,NA,NA,NA,NA,NA,NA,NA,NA,NA,NA
"S IPC","11/17/2021",0.005,0.007,0.001,0.041,0.043,0.004,0.001,0.026,0.001,0.001,0.001,0.001,0.006,0.007,0.008,0.046,0.001,0.003,0.002,0.003,0.001,0.035,-0.001,-0.021,-0.01,27.17,27.59,27,0.001,0.002,0.013,0.014,0.017,0.002,0.001,0.001,0,0.005,0.006,NA,NA,NA,NA,NA,NA,NA,NA,NA,NA,NA,NA
"Lblank","11/17/2021",0.064,0.083,0,0.096,0.111,0.032,-0.001,0.529,0,0,0,0.005,0.061,0.075,0.075,0.075,0,0.034,0.068,0.074,-0.001,0.113,0,0.004,0.001,0.039,0.072,0.039,-0.001,0.001,0.007,0.009,0.012,0,0.001,0.001,-0.001,0.036,0.045,NA,NA,NA,NA,NA,NA,NA,NA,NA,NA,NA,NA
"CV","11/17/2021",2.111,2.058,2.089,2.115,2.166,2.099,2.134,2.131,1.833,2.118,2.007,2.063,2.155,2.073,2.058,2.274,2.076,1.997,2.072,2.103,2.198,2.451,2.086,2.02,2.074,0.1,0.15,0.055,2.136,2.044,8.911,8.979,9.162,1.941,1.811,2.134,2.028,2.099,1.998,NA,NA,NA,NA,NA,NA,NA,NA,NA,NA,NA,NA
"S IPC","11/17/2021",0.006,0.008,0,0.038,0.042,0.004,0.001,0.048,0.001,0.001,0.001,0.002,0.007,0.009,0.009,0.043,0.002,0.004,0.007,0.008,0.002,0.035,-0.001,-0.015,-0.01,26.85,27.46,26.87,0.002,0.001,0.014,0.018,0.022,0.001,0.002,0.002,0,0.006,0.007,NA,NA,NA,NA,NA,NA,NA,NA,NA,NA,NA,NA
"Lblank","11/17/2021",0.077,0.109,-0.002,0.117,0.141,0.044,-0.001,0.573,0,0,0,0.005,0.082,0.096,0.095,0.098,0,0.043,0.012,0.018,0,0.14,0.001,0.004,0.001,0.037,0.095,0.041,-0.001,-0.001,0.007,0.008,0.01,0,0.002,0.002,-0.002,0.046,0.054,NA,NA,NA,NA,NA,NA,NA,NA,NA,NA,NA,NA
"CV","11/17/2021",2.092,2.029,2.055,2.107,2.142,2.087,2.103,2.098,1.806,2.07,1.959,2.025,2.111,2.046,2.034,2.261,2.016,1.96,2.047,2.063,2.153,2.427,2.043,1.973,2.036,0.092,0.114,0.053,2.119,2.018,8.887,8.848,8.995,1.906,1.766,2.106,1.996,2.031,1.995,NA,NA,NA,NA,NA,NA,NA,NA,NA,NA,NA,NA
"S IPC","11/17/2021",0.007,0.009,0,0.046,0.051,0.004,0.001,0.036,0.001,0.001,0.001,0.002,0.008,0.009,0.009,0.048,0.001,0.004,0.003,0.003,0.002,0.041,0,-0.01,-0.01,26.66,27.61,26.82,0.001,0.001,0.014,0.016,0.016,0.001,0.001,0.001,0,0.006,0.007,NA,NA,NA,NA,NA,NA,NA,NA,NA,NA,NA,NA
"Lblank","11/17/2021",0.051,0.082,-0.001,0.128,0.169,0.034,0,0.304,0,0,0,0.003,0.047,0.067,0.068,0.094,0,0.029,0.009,0.013,0,0.13,0.001,0.004,0,0.02,0.095,0.03,-0.001,0.001,0.006,0.008,0.009,0,0.001,0.001,-0.001,0.035,0.052,NA,NA,NA,NA,NA,NA,NA,NA,NA,NA,NA,NA
"S IPC","11/17/2021",0.006,0.011,0,0.052,0.058,0.004,0.001,0.023,0.001,0.001,0.001,0.001,0.007,0.007,0.007,0.043,0.001,0.004,0.002,0.003,0.002,0.042,0,-0.015,-0.009,26.3,27.34,26.49,0.002,0,0.013,0.014,0.022,0.002,0.001,0.001,0,0.006,0.006,NA,NA,NA,NA,NA,NA,NA,NA,NA,NA,NA,NA
"Lblank","11/17/2021",0.007,0.01,-0.002,0.031,0.033,0.001,0,0.013,0,0,0,0.001,0.009,0.011,0.011,0.023,0,0.004,0.001,0.001,0,0.025,0.001,0,0,0.006,0.05,0.008,-0.001,-0.001,0.003,0.001,0.008,0,0,0,0,0.003,0.003,NA,NA,NA,NA,NA,NA,NA,NA,NA,NA,NA,NA
"CV","11/17/2021",2.024,2.013,2.026,2.053,2.105,2.076,2.087,1.998,1.778,2.068,1.95,1.998,2.093,2.036,2.021,2.205,2.037,1.954,2.029,2.059,2.146,2.409,2.041,1.876,2.014,0.078,0.088,0.052,2.083,1.994,8.76,8.847,8.956,1.893,1.764,2.085,1.993,2.011,1.967,NA,NA,NA,NA,NA,NA,NA,NA,NA,NA,NA,NA
"S IPC","11/17/2021",0.003,0.005,-0.001,0.029,0.031,0.002,0.002,0.008,0.001,0.002,0.002,0.002,0.004,0.004,0.005,0.022,0.002,0.003,0.002,0.003,0.002,0.026,0,-0.018,-0.009,26.17,27.12,26.42,0.002,0.001,0.015,0.018,0.021,0.002,0.002,0.002,0,0.003,0.004,NA,NA,NA,NA,NA,NA,NA,NA,NA,NA,NA,NA
"Lblank","12/2/2021",0,-0.001,0.002,-0.001,-0.002,0,0,-0.003,0,0,0,0,0.001,0,0.001,-0.005,0,-0.001,0,0,0,-0.002,0,-0.011,-0.001,-0.002,-0.008,-0.001,0.001,0,0.003,0.005,0.006,0,0,0,0,0,0,NA,NA,NA,NA,NA,NA,NA,NA,NA,NA,NA,NA
"CCV","12/2/2021",1.939,1.939,2.036,0.203,0.202,0.2,0.204,2.004,0.342,0.384,0.99,0.392,2.004,1.984,1.988,4.02,1.014,1.99,0.395,0.404,2.018,2.05,0.386,2.067,1.953,0.026,-0.009,-0.005,1.047,1.014,2.054,2.078,2.068,0.788,0.195,2.053,0.996,0.957,0.976,NA,NA,NA,NA,NA,NA,NA,NA,NA,NA,NA,NA
"CV","12/2/2021",2.015,1.949,2.018,1.974,1.989,2.039,2.058,1.974,1.765,1.997,1.928,1.961,2.016,1.985,1.961,2.089,1.955,1.901,1.992,2.004,2.108,2.25,1.99,2.1,1.993,0.064,0.064,0.032,2.086,2,8.737,8.665,8.906,1.848,1.684,2.042,1.949,1.926,1.927,NA,NA,NA,NA,NA,NA,NA,NA,NA,NA,NA,NA
"S IPC","12/2/2021",0.001,0.002,0.003,0.002,0.002,0.001,0.001,-0.004,0.001,0.001,0.001,0.001,0.002,0.002,0.001,0.003,0.002,0.002,0.001,0.002,0.003,0.002,-0.001,-0.007,-0.009,26.06,26.38,26.06,0.002,0.001,0.015,0.02,0.017,0,0.002,0.002,0,0.001,0.002,NA,NA,NA,NA,NA,NA,NA,NA,NA,NA,NA,NA
"Lblank","12/2/2021",0,0,0,-0.001,-0.002,0,0,-0.004,0,0,0,0,0.001,0,0,-0.003,0,0,0,0,0,-0.002,0,0,0,0.007,0.019,0.002,0,0.002,0.003,0.005,0.006,-0.001,0,0,0,0,0,NA,NA,NA,NA,NA,NA,NA,NA,NA,NA,NA,NA
"CCV","12/2/2021",2,1.916,2.019,0.202,0.204,0.198,0.201,1.977,0.34,0.381,0.981,0.389,1.991,1.961,1.956,3.954,0.999,1.965,0.392,0.403,2.003,2.019,0.386,1.979,1.944,0.023,0.016,0.001,1.038,1.004,2.03,2.069,2.077,0.778,0.193,2.047,0.988,0.951,0.973,NA,NA,NA,NA,NA,NA,NA,NA,NA,NA,NA,NA
"CV","12/2/2021",2.078,1.983,2.003,1.988,2.024,2.039,2.055,1.987,1.752,1.993,1.929,1.98,2.022,2.008,1.986,2.118,2.021,1.93,1.982,2.029,2.097,2.303,1.985,1.985,1.97,0.067,0.046,0.025,2.061,1.979,8.489,8.778,8.948,1.834,1.741,2.039,1.931,1.958,1.94,NA,NA,NA,NA,NA,NA,NA,NA,NA,NA,NA,NA
"S IPC","12/2/2021",0.002,0.002,0.002,0.002,0.003,0.002,0.002,-0.003,0.001,0.001,0.001,0.002,0.002,0.002,0.002,0.005,0.003,0.002,0.002,0.002,0.003,0.003,-0.001,-0.017,-0.008,25.94,26.27,25.84,0.002,0,0.015,0.021,0.017,0.002,0.002,0.002,0.002,0.001,0.003,NA,NA,NA,NA,NA,NA,NA,NA,NA,NA,NA,NA
"LFB","12/2/2021",29.31,30.84,0.511,0.038,0.021,-0.003,-0.031,31.29,0.086,0.09,0.18,4.918,28.04,30.55,30.55,0.016,0.002,15.38,4.851,5.189,0.002,0.001,0.178,5.008,0.974,13.57,13.68,13.28,-0.002,0.101,0.005,0.005,-0.003,0,0,0,-0.005,4.513,4.789,NA,NA,NA,NA,NA,NA,NA,NA,NA,NA,NA,NA
"8","12/2/2021",0.081,0.111,-0.001,0.01,0.011,0.002,-0.001,1.259,0.001,-0.001,-0.001,0.005,0.104,0.124,0.123,0.236,-0.001,0.058,0.046,0.051,0,0.017,-0.003,0.034,0.002,0.152,0.223,0.145,0.002,0.007,0.021,0.029,0.028,-0.002,0.003,0.004,-0.003,0.006,0.008,"NA","BLANK","DIGEST BLANK",3,"22-Nov-21","12/2/2021","8",NA,NA,NA,NA,NA
"Lblank","12/2/2021",0.105,0.131,0,0.064,0.08,0.038,0,0.498,0,0,0,0.006,0.1,0.122,0.123,0.099,0,0.05,0.019,0.023,0,0.106,0,0.013,0.001,0.063,0.094,0.069,-0.001,-0.001,0.015,0.018,0.017,-0.001,0.002,0.002,-0.003,0.038,0.05,NA,NA,NA,NA,NA,NA,NA,NA,NA,NA,NA,NA
"CV","12/2/2021",2.068,2.036,2.032,2.04,2.089,2.074,2.044,2.091,1.782,2.014,1.948,2.008,2.058,2.051,2.033,2.226,2.061,1.967,2.028,2.069,2.126,2.37,2.012,2.102,2.001,0.107,0.107,0.071,2.047,2.013,8.788,8.935,9.076,1.871,1.758,2.072,1.947,1.98,1.987,NA,NA,NA,NA,NA,NA,NA,NA,NA,NA,NA,NA
"S IPC","12/2/2021",0.01,0.009,-0.001,0.015,0.018,0.004,0.001,0.059,0.001,0.001,0,0.002,0.011,0.011,0.01,0.024,0.002,0.005,0.003,0.004,0.002,0.013,-0.001,-0.017,-0.008,25.93,26.51,26.04,0.001,0,0.015,0.019,0.015,0.001,0.002,0.001,0,0.004,0.005,NA,NA,NA,NA,NA,NA,NA,NA,NA,NA,NA,NA
"15","12/2/2021",NA,302.2,0.306,-0.148,-0.041,0.924,-0.049,111,0.005,0.102,0.375,0.386,161.4,303.2,323.6,21.24,0.45,109.6,5.882,6.712,0.093,6.665,0.337,10.35,0.413,4.69,5.848,4.892,-0.041,-0.071,11.45,13.21,13.23,0.022,1.099,11.99,-0.007,1.539,1.731,"NA","SRM","STSD2",2,"22-Nov-21","12/2/2021","15",NA,NA,NA,NA,0.469
"Lblank","12/2/2021",0.087,0.109,-0.001,0.156,0.178,0.044,0,0.299,0,0,0,0.005,0.081,0.099,0.098,0.094,0,0.039,0.011,0.014,0,0.14,0,0.006,0.001,0.03,0.052,0.023,-0.001,-0.001,0.011,0.012,0.017,-0.001,0.001,0.002,0,0.045,0.053,NA,NA,NA,NA,NA,NA,NA,NA,NA,NA,NA,NA
"CV","12/2/2021",2.045,2.006,2.046,2.105,2.144,2.074,2.055,2.071,1.78,2.008,1.936,1.996,2.059,2.038,2.023,2.242,2.009,1.943,2.036,2.05,2.119,2.395,2.007,2.036,1.991,0.082,0.053,0.045,2.097,2.021,8.659,8.846,8.931,1.865,1.769,2.08,1.959,1.986,2.005,NA,NA,NA,NA,NA,NA,NA,NA,NA,NA,NA,NA
"S IPC","12/2/2021",0.007,0.004,-0.002,0.066,0.071,0.005,0.001,0.02,0.001,0.001,0,0.001,0.007,0.008,0.008,0.031,0.002,0.003,0.002,0.002,0.002,0.033,-0.002,-0.019,-0.01,26.17,26.86,26.26,0.002,0,0.015,0.018,0.014,0.001,0.001,0.001,0,0.007,0.006,NA,NA,NA,NA,NA,NA,NA,NA,NA,NA,NA,NA
"23","12/2/2021",25.38,29.77,0.456,0.173,0.206,0.052,-0.03,30.41,0.076,0.084,0.18,4.815,26.9,29.69,29.65,0.093,0,14.7,4.751,5.05,0.001,0.158,0.164,4.325,0.839,11.12,13.29,10.94,-0.002,0.093,0.013,0.019,0.012,-0.002,0.001,0,-0.008,4.259,4.562,"NA","MFB","METHOD FORTIFIED BLANK",1,"22-Nov-21","12/2/2021","23",NA,NA,NA,NA,NA
"29","12/2/2021",0.033,0.049,-0.002,0.081,0.104,0.009,-0.001,0.547,0.001,0,-0.001,0.002,0.05,0.068,0.067,0.132,0,0.028,0.015,0.02,0,0.057,-0.002,0.018,0.001,0.046,0.08,0.045,0.002,0.004,0.014,0.017,0.016,-0.002,0.001,0.002,-0.003,0.009,0.012,"NA","BLANK","DIGEST BLANK",2,"22-Nov-21","12/2/2021","29",NA,NA,NA,NA,NA
"Lblank","12/2/2021",0.067,0.078,0,0.047,0.047,0.004,-0.001,0.74,0,0,0,0.004,0.081,0.098,0.099,0.148,0,0.043,0.023,0.027,0,0.03,-0.001,0.014,0.001,0.097,0.132,0.091,0,0.001,0.009,0.011,0.008,-0.002,0.001,0.002,-0.001,0.01,0.011,NA,NA,NA,NA,NA,NA,NA,NA,NA,NA,NA,NA
"CV","12/2/2021",2.114,1.998,2.037,2.075,2.091,2.059,2.05,2.063,1.785,2.007,1.931,2.022,2.045,2.028,2.014,2.239,2.027,1.938,2.03,2.045,2.114,2.387,2.006,1.98,2.009,0.091,0.077,0.059,2.093,2.021,8.774,8.858,9.068,1.872,1.742,2.076,1.951,1.94,1.968,NA,NA,NA,NA,NA,NA,NA,NA,NA,NA,NA,NA
"S IPC","12/2/2021",0.005,0.003,0.002,0.036,0.039,0.003,0.001,0.021,0.001,0.001,0,0.001,0.005,0.005,0.005,0.033,0.001,0.002,0.002,0.002,0.002,0.025,-0.002,-0.013,-0.01,26.13,26.89,26.2,0.001,0,0.013,0.018,0.016,0.001,0.001,0.001,0.001,0.003,0.005,NA,NA,NA,NA,NA,NA,NA,NA,NA,NA,NA,NA
"36","12/2/2021",0.032,0.053,-0.006,0.074,0.112,0.04,0,0.148,0.001,0,0,0.002,0.022,0.03,0.029,0.106,0,0.011,0.005,0.007,0,0.129,-0.002,0.012,0.001,0.024,0.036,0.027,0.001,0.006,0.015,0.021,0.02,-0.002,0.001,0.001,-0.003,0.029,0.044,"NA","BLANK","DIGEST BLANK",1,"22-Nov-21","12/2/2021","36",NA,NA,NA,NA,NA
"Lblank","12/2/2021",0.103,0.139,0,0.099,0.104,0.018,-0.001,1.426,0,0,0,0.005,0.124,0.168,0.166,0.148,0,0.071,0.036,0.047,0,0.063,-0.001,0.013,0,0.082,0.106,0.079,-0.001,-0.001,0.01,0.013,0.006,0,0.003,0.003,-0.001,0.023,0.026,NA,NA,NA,NA,NA,NA,NA,NA,NA,NA,NA,NA
"CV","12/2/2021",2.058,1.978,2.035,2.083,2.087,2.064,2.081,2.143,1.775,2.004,1.932,1.981,2.052,2.021,1.999,2.256,1.944,1.91,2.03,2.032,2.117,2.374,2.001,1.923,1.992,0.093,0.134,0.063,2.036,2.021,8.659,8.737,8.975,1.865,1.707,2.058,1.945,1.966,2.01,NA,NA,NA,NA,NA,NA,NA,NA,NA,NA,NA,NA
"S IPC","12/2/2021",0.006,0.006,0,0.055,0.062,0.003,0.001,0.042,0.001,0.001,0.001,0.001,0.008,0.008,0.008,0.042,0.001,0.003,0.003,0.003,0.002,0.034,-0.002,-0.02,-0.01,25.85,26.74,26.04,0.001,-0.001,0.014,0.017,0.017,0,0.001,0.001,0.001,0.005,0.006,NA,NA,NA,NA,NA,NA,NA,NA,NA,NA,NA,NA
"43","12/2/2021",25.51,30.19,0.455,0.175,0.202,0.049,-0.031,30.78,0.077,0.084,0.179,4.829,27.09,30.01,29.97,0.116,0.001,14.86,4.745,5.122,0.001,0.164,0.165,4.101,0.841,10.89,13.16,10.83,-0.001,0.094,0.013,0.016,0.009,-0.003,0.001,0.001,-0.008,4.287,4.611,"NA","MFB","METHOD FORTIFIED BLANK",2,"22-Nov-21","12/2/2021","43",NA,NA,NA,NA,NA
"50","12/2/2021",NA,375.9,0.373,-0.273,-0.078,1.127,-0.06,135,0.006,0.125,0.453,0.475,176,360.6,390.2,25.89,0.562,134.3,7.078,8.171,0.111,7.951,0.408,11.97,0.502,5.547,7.206,5.921,-0.047,-0.105,11.83,13.56,13.62,0.03,1.37,14.11,-0.006,1.857,2.128,"NA","SRM","STSD2",1,"22-Nov-21","12/2/2021","50",NA,NA,NA,NA,0.5864
"Lblank","12/2/2021",0.167,0.19,0,0.059,0.058,0.011,-0.001,1.456,0,0,0,0.006,0.187,0.217,0.214,0.1,0,0.086,0.035,0.042,0,0.033,-0.001,0.017,0,0.066,0.09,0.059,-0.001,0.002,0.016,0.022,0.015,0,0.003,0.005,0,0.017,0.019,NA,NA,NA,NA,NA,NA,NA,NA,NA,NA,NA,NA
"CV","12/2/2021",2.101,2.01,2.055,2.074,2.083,2.092,2.068,2.121,1.793,2.031,1.954,2.014,2.089,2.037,2.014,2.276,2.021,1.935,2.03,2.04,2.137,2.403,2.024,1.917,2.012,0.083,0.101,0.055,2.06,2.028,8.671,8.791,8.893,1.886,1.73,2.074,1.969,2.007,1.981,NA,NA,NA,NA,NA,NA,NA,NA,NA,NA,NA,NA
"S IPC","12/2/2021",0.011,0.01,0,0.042,0.045,0.002,0.001,0.038,0.001,0.001,0,0.001,0.013,0.012,0.013,0.033,0.001,0.004,0.002,0.003,0.002,0.025,-0.002,-0.007,-0.01,26.09,26.67,26.23,0.001,0.001,0.014,0.019,0.015,0,0.001,0.001,0.001,0.003,0.004,NA,NA,NA,NA,NA,NA,NA,NA,NA,NA,NA,NA
"58","12/2/2021",0.041,0.058,-0.006,0.127,0.173,0.036,0,0.233,0.001,0,-0.001,0.002,0.032,0.044,0.042,0.093,0,0.015,0.009,0.012,0,0.134,-0.003,0.005,0.001,0.01,0.016,0.006,0.001,0.004,0.016,0.023,0.019,-0.003,0.001,0.002,-0.004,0.029,0.04,"NA","BLANK","DIGEST BLANK",4,"22-Nov-21","12/2/2021","58",NA,NA,NA,NA,NA
"Lblank","12/2/2021",0.085,0.095,0.001,0.044,0.044,0.006,-0.001,1.155,0,0,0,0.005,0.092,0.119,0.119,0.083,0,0.053,0.028,0.03,0,0.029,0,0.004,0,0.064,0.077,0.065,-0.001,-0.002,0.009,0.013,0.012,-0.001,0.002,0.002,-0.001,0.012,0.014,NA,NA,NA,NA,NA,NA,NA,NA,NA,NA,NA,NA
"CV","12/2/2021",2.139,2.024,2.097,2.074,2.099,2.083,2.079,2.188,1.796,2.023,1.948,2.014,2.074,2.061,2.032,2.323,2.041,1.957,2.043,2.065,2.137,2.436,2.025,1.956,2.021,0.09,0.065,0.054,2.138,2.075,8.784,8.93,9.144,1.879,1.764,2.076,1.984,1.98,2.007,NA,NA,NA,NA,NA,NA,NA,NA,NA,NA,NA,NA
"S IPC","12/2/2021",0.005,0.004,-0.001,0.032,0.035,0.002,0.001,0.04,0.001,0.001,0,0.001,0.007,0.007,0.008,0.036,0.001,0.003,0.002,0.002,0.002,0.028,-0.002,-0.018,-0.011,25.64,26.96,26.02,0,0.001,0.014,0.016,0.016,0.001,0.001,0.001,0.002,0.003,0.004,NA,NA,NA,NA,NA,NA,NA,NA,NA,NA,NA,NA
"65","12/2/2021",25.87,29.93,0.459,0.116,0.13,0.032,-0.031,31.66,0.077,0.085,0.182,4.907,27.71,30.2,30.17,0.099,0.001,14.83,4.842,5.127,0.001,0.119,0.168,3.946,0.855,10.81,13.24,10.87,0,0.095,0.018,0.024,0.016,-0.003,0.003,0.003,-0.01,4.376,4.681,"NA","MFB","METHOD FORTIFIED BLANK",3,"22-Nov-21","12/2/2021","65",NA,NA,NA,NA,NA
"Lblank","12/2/2021",0.125,0.152,0.002,0.038,0.038,0.005,-0.001,1.162,0,0,0,0.008,0.14,0.169,0.169,0.252,0,0.081,0.049,0.06,0,0.04,0,0.03,0.002,0.229,0.29,0.222,-0.001,0.001,0.016,0.019,0.018,-0.001,0.002,0.003,0,0.017,0.019,NA,NA,NA,NA,NA,NA,NA,NA,NA,NA,NA,NA
"CV","12/2/2021",2.089,2.042,2.044,2.056,2.1,2.083,2.083,2.291,1.789,2.017,1.942,1.994,2.075,2.066,2.049,2.394,2.068,1.967,2.05,2.073,2.131,2.452,2.014,1.902,2.012,0.134,0.171,0.103,2.066,2.038,8.898,8.909,9.001,1.874,1.746,2.078,1.961,1.959,2.005,NA,NA,NA,NA,NA,NA,NA,NA,NA,NA,NA,NA
"S IPC","12/2/2021",0.013,0.012,-0.002,0.03,0.032,0.003,0.001,0.125,0.001,0.001,0.001,0.001,0.016,0.016,0.015,0.057,0.001,0.008,0.005,0.006,0.002,0.031,-0.002,-0.016,-0.01,25.64,26.84,26.23,0.001,0.002,0.014,0.019,0.021,0.001,0.001,0.001,0,0.004,0.006,NA,NA,NA,NA,NA,NA,NA,NA,NA,NA,NA,NA
"72","12/2/2021",NA,305.2,0.309,-0.185,-0.06,0.939,-0.05,114,0.005,0.106,0.384,0.399,163.4,310.1,331.4,21.48,0.461,110.9,5.993,6.823,0.094,6.641,0.348,9.618,0.425,4.576,6.024,4.904,-0.042,-0.07,7.54,8.585,8.714,0.024,1.111,12.15,-0.008,1.569,1.792,"NA","SRM","STSD2",3,"22-Nov-21","12/2/2021","72",NA,NA,NA,NA,0.4883
"Lblank","12/2/2021",0.107,0.116,-0.001,0.023,0.024,0.003,-0.001,1.448,0,0,0,0.005,0.126,0.138,0.137,0.102,0,0.06,0.031,0.035,0,0.027,0,0.012,0.001,0.099,0.158,0.092,-0.001,0,0.013,0.017,0.018,0,0.003,0.004,-0.001,0.012,0.014,NA,NA,NA,NA,NA,NA,NA,NA,NA,NA,NA,NA
"CV","12/2/2021",2.091,2.023,2.067,2.059,2.064,2.109,2.113,2.382,1.811,2.047,1.973,2.015,2.125,2.074,2.056,2.349,2.023,1.962,2.061,2.066,2.149,2.414,2.041,1.915,2.028,0.146,0.158,0.097,2.07,2.047,8.747,8.89,9.051,1.891,1.777,2.093,1.949,2.034,2.035,NA,NA,NA,NA,NA,NA,NA,NA,NA,NA,NA,NA
"S IPC","12/2/2021",0.017,0.015,0,0.02,0.021,0.002,0.001,0.178,0.001,0.001,0,0.002,0.021,0.019,0.019,0.047,0.001,0.008,0.006,0.005,0.002,0.023,-0.002,-0.018,-0.01,25.51,26.76,26,0.001,0.002,0.015,0.02,0.017,0.001,0.001,0.002,0.001,0.004,0.005,NA,NA,NA,NA,NA,NA,NA,NA,NA,NA,NA,NA
"Lblank","12/2/2021",0.059,0.079,0,0.095,0.101,0.016,-0.001,0.541,0,0,0,0.003,0.07,0.092,0.091,0.13,0,0.035,0.013,0.017,0,0.077,-0.001,0.004,0,0.064,0.15,0.058,0.001,-0.001,0.01,0.016,0.013,-0.001,0.001,0.002,0,0.023,0.026,NA,NA,NA,NA,NA,NA,NA,NA,NA,NA,NA,NA
"CV","12/2/2021",2.056,2.01,2.053,2.096,2.118,2.109,2.082,2.161,1.806,2.047,1.975,1.989,2.096,2.048,2.032,2.396,2.016,1.943,2.041,2.05,2.151,2.474,2.037,1.852,2.024,0.118,0.126,0.084,2.073,2.024,8.728,8.845,9.09,1.888,1.779,2.072,1.966,2.04,2.039,NA,NA,NA,NA,NA,NA,NA,NA,NA,NA,NA,NA
"S IPC","12/2/2021",0.008,0.007,0.001,0.056,0.062,0.005,0.001,0.048,0.001,0.001,0.001,0.002,0.009,0.009,0.008,0.058,0.002,0.004,0.003,0.003,0.003,0.049,-0.001,-0.014,-0.009,24.62,26.52,25.24,0.002,0.001,0.016,0.021,0.022,0.001,0.002,0.002,0.002,0.008,0.008,NA,NA,NA,NA,NA,NA,NA,NA,NA,NA,NA,NA
"Lblank","12/2/2021",0.003,0.001,0.001,0.036,0.037,0.001,0,0.022,0,0,0,0,0.005,0.005,0.005,0.038,0,0.007,0,0,0,0.049,0,-0.009,-0.001,0.009,0.007,0.006,-0.001,-0.003,0.008,0.012,0.012,0,0,0,0.001,0.003,0.004,NA,NA,NA,NA,NA,NA,NA,NA,NA,NA,NA,NA
"CV","12/2/2021",2.09,1.988,2.057,2.078,2.073,2.084,2.082,2.021,1.793,2.028,1.954,2.031,2.062,2.029,2.005,2.276,2.036,1.936,2.047,2.047,2.135,2.407,2.024,1.849,2.019,0.078,0.078,0.043,2.084,2.031,8.786,8.866,9.052,1.874,1.777,2.095,1.946,1.966,2.003,NA,NA,NA,NA,NA,NA,NA,NA,NA,NA,NA,NA
"S IPC","12/2/2021",0.003,0.004,0.004,0.031,0.033,0.002,0.002,0.006,0.001,0.002,0.001,0.002,0.004,0.004,0.003,0.042,0.003,0.002,0.002,0.003,0.003,0.029,-0.001,-0.009,-0.009,25.2,26.94,25.78,0.002,-0.001,0.016,0.023,0.019,0.001,0.002,0.002,0.002,0.004,0.005,NA,NA,NA,NA,NA,NA,NA,NA,NA,NA,NA,NA
"Lblank","12/7/2021",0,0.001,0.001,-0.001,-0.003,0,0,-0.003,0,0,0,0,0,-0.001,0,0.004,0,0,-0.001,-0.001,0,0.005,0,-0.011,0.001,0.003,-0.005,-0.012,0,0,0.001,0.002,-0.002,0,0,0,-0.002,0,0,NA,NA,NA,NA,NA,NA,NA,NA,NA,NA,NA,NA
"CV","12/7/2021",1.95,2.018,2.005,2.009,2.056,2.049,2.042,1.996,1.77,2.013,1.908,2.005,2.014,2.009,1.998,2.164,2.082,1.939,2.019,2.046,2.102,2.374,1.997,1.986,1.99,0.07,0.057,0.036,2.083,1.991,8.636,8.881,8.834,1.851,1.695,2.042,1.984,1.949,1.936,NA,NA,NA,NA,NA,NA,NA,NA,NA,NA,NA,NA
"CCV","12/7/2021",1.918,1.943,2.042,0.209,0.214,0.204,0.205,2.011,0.347,0.391,0.985,0.394,2.012,1.99,1.997,4.064,1,1.989,0.399,0.41,2.022,2.1,0.393,1.97,1.979,0.022,-0.03,-0.013,1.044,1.016,2.029,2.106,2.086,0.79,0.192,2.043,1.003,0.989,0.98,NA,NA,NA,NA,NA,NA,NA,NA,NA,NA,NA,NA
"S IPC","12/7/2021",0.001,0.003,-0.001,0,-0.001,0,0,-0.003,0,0.001,0.001,0.001,0.001,0.001,0.003,0.015,0.001,0.001,0,0,0.001,0.007,-0.002,-0.012,-0.009,25.89,26.05,25.93,0.001,-0.001,0.007,0.009,0.004,0,0,0.001,0,0,0,NA,NA,NA,NA,NA,NA,NA,NA,NA,NA,NA,NA
"LFB","12/7/2021",27.77,29.81,0.505,0.026,0.015,-0.003,-0.03,30.6,0.086,0.09,0.177,4.879,27.75,29.59,29.66,0.019,0.001,14.9,4.804,5.031,0.002,0.006,0.178,4.939,0.965,14.43,13.89,14.07,0,0.101,0.003,0.005,-0.007,-0.001,0,0,-0.007,4.593,4.666,NA,NA,NA,NA,NA,NA,NA,NA,NA,NA,NA,NA
"1","12/7/2021",0.021,0.032,-0.002,0.001,0.001,0,0,0.042,0.001,0,0,0.01,0.021,0.03,0.031,0.017,-0.001,0.016,0.003,0.004,0,0.012,-0.002,0.01,0.003,0.01,-0.001,0.023,0.002,0.002,0.021,0.024,0.022,-0.003,0,0,-0.005,0.003,0.004,"NA","BLANK","DIGEST BLANK",4,"22-Nov-21","12/7/2021","1",NA,NA,NA,NA,NA
"2","12/7/2021",32.8,38.55,-0.046,38.02,44.05,46.73,-0.017,17.45,-0.001,0.039,0.02,0.003,0.428,0.46,0.461,34.91,0.012,2.564,0.017,0.019,0,95.42,0.008,0.007,0.004,0.126,0.073,0.133,0.002,-0.006,3.935,4.468,4.532,-0.002,0.755,0.009,-0.004,37.02,42.96,"22-Sep-21","BLANK","FILTER BLANK",1,"3-Dec-21","12/7/2021","2",NA,NA,NA,NA,NA
"7","12/7/2021",24.36,29.93,0.448,0.049,0.039,-0.001,-0.03,30.16,0.075,0.083,0.171,4.736,26.6,29.31,29.37,0.076,0,14.71,4.623,5.029,0.001,0.022,0.16,4.134,0.834,11.04,12.95,10.91,0.001,0.087,0.009,0.014,0.001,-0.002,0.001,0.001,-0.009,4.016,4.377,"NA","MFB","METHOD FORTIFIED BLANK",1,"3-Dec-21","12/7/2021","7",NA,NA,NA,NA,NA
"Lblank","12/7/2021",0.024,0.028,-0.003,0.059,0.059,0.008,0,0.169,0,0,0,0.003,0.022,0.025,0.028,0.032,0,0.011,0.003,0.003,0,0.03,0,-0.001,0.001,0.015,0.021,0.01,-0.001,-0.005,0.004,0.006,0,0,0,0,-0.002,0.013,0.013,NA,NA,NA,NA,NA,NA,NA,NA,NA,NA,NA,NA
"CV","12/7/2021",1.905,1.985,2.026,2.043,2.08,2.051,2.041,2.055,1.776,2.01,1.905,1.99,2.017,2.006,1.995,2.187,2.017,1.923,2.025,2.034,2.098,2.369,1.995,2.026,1.991,0.085,0.079,0.051,2.081,2.003,8.666,8.83,8.916,1.846,1.722,2.038,1.959,1.957,1.974,NA,NA,NA,NA,NA,NA,NA,NA,NA,NA,NA,NA
"S IPC","12/7/2021",0.005,0.008,0,0.034,0.037,0.003,0.001,0.029,0.001,0.001,0.001,0.001,0.005,0.005,0.006,0.026,0.002,0.003,0.001,0.001,0.002,0.022,-0.001,-0.024,-0.008,26,26.43,26.1,0.002,-0.001,0.013,0.016,0.015,0.002,0.001,0.001,0.001,0.004,0.005,NA,NA,NA,NA,NA,NA,NA,NA,NA,NA,NA,NA
"13","12/7/2021",NA,307.9,0.298,-0.33,-0.164,0.925,-0.054,112.3,0.005,0.105,0.376,0.399,161.1,302.2,322.4,21.79,0.478,111.1,5.847,6.834,0.09,7.104,0.347,10.28,0.422,4.745,5.927,4.988,-0.039,-0.093,9.154,10.65,10.6,0.027,1.125,11.52,-0.012,1.555,1.731,"NA","SRM","STSD2",1,"3-Dec-21","12/7/2021","13",NA,NA,NA,NA,0.4887
"20","12/7/2021",0.051,0.075,-0.005,0.081,0.112,0.033,-0.001,0.678,0.001,0,0,0.003,0.041,0.058,0.058,0.096,0,0.024,0.021,0.026,0,0.115,-0.002,0.019,0.003,0.02,0.025,0.034,0.001,0.003,0.013,0.019,0.016,-0.002,0.001,0.002,-0.004,0.027,0.04,"NA","BLANK","DIGEST BLANK",1,"3-Dec-21","12/7/2021","20",NA,NA,NA,NA,NA
"Lblank","12/7/2021",0.046,0.065,0.001,0.11,0.134,0.038,0,0.081,0,0,0,0.003,0.027,0.033,0.032,0.07,0,0.016,0.003,0.004,0,0.123,0,0.004,0.002,0.012,0.027,0.014,-0.001,-0.002,0.005,0.009,0.008,0,0.001,0,-0.001,0.036,0.047,NA,NA,NA,NA,NA,NA,NA,NA,NA,NA,NA,NA
"CV","12/7/2021",2.039,1.992,2.021,2.096,2.093,2.068,2.044,2.029,1.79,2.014,1.909,2.053,2.024,1.999,1.984,2.235,2.026,1.914,2.014,2.019,2.104,2.409,2.005,1.979,2.014,0.096,0.107,0.057,2.077,2.012,8.698,8.776,8.934,1.858,1.732,2.041,1.951,1.977,1.957,NA,NA,NA,NA,NA,NA,NA,NA,NA,NA,NA,NA
"S IPC","12/7/2021",0.005,0.009,0,0.043,0.045,0.003,0.001,0.022,0.001,0.001,0.001,0.002,0.004,0.005,0.006,0.033,0.001,0.003,0.001,0.001,0.002,0.032,-0.002,-0.019,-0.009,26.26,26.5,26.13,0.001,-0.002,0.011,0.015,0.011,0,0.001,0.001,0,0.005,0.005,NA,NA,NA,NA,NA,NA,NA,NA,NA,NA,NA,NA
"21","12/7/2021",37.71,44.35,-0.055,43.76,50.68,50.89,-0.019,19.77,-0.002,0.041,0.023,0.003,0.482,0.52,0.523,39.36,0.013,2.899,0.02,0.022,0,106.8,0.008,0.013,0.003,0.092,0.02,0.113,0.002,-0.008,3.196,3.699,3.682,-0.003,0.859,0.01,-0.004,40.51,48.29,"13-Oct-21","BLANK","FILTER BLANK",2,"3-Dec-21","12/7/2021","21",NA,NA,NA,NA,NA
"28","12/7/2021",24.49,30,0.456,0.148,0.173,0.025,-0.031,30.84,0.078,0.084,0.177,4.895,27.1,29.8,29.73,0.087,0,14.78,4.763,5.085,0.002,0.108,0.166,4.264,0.859,11.37,13.02,11.19,0.001,0.09,0.009,0.015,0.005,-0.003,0.001,0.002,-0.008,4.259,4.533,"NA","MFB","METHOD FORTIFIED BLANK",2,"3-Dec-21","12/7/2021","28",NA,NA,NA,NA,NA
"Lblank","12/7/2021",0.05,0.071,0.001,0.155,0.176,0.039,-0.001,0.519,0,0,0,0.004,0.038,0.05,0.052,0.088,0,0.024,0.012,0.016,0,0.145,0,0.002,0.002,0.017,0.022,0.019,0,-0.002,0.008,0.011,0.008,-0.001,0.001,0.001,-0.002,0.04,0.051,NA,NA,NA,NA,NA,NA,NA,NA,NA,NA,NA,NA
"CV","12/7/2021",2.02,1.952,2.035,2.139,2.089,2.061,2.053,2.06,1.788,2.005,1.898,2.04,2.019,1.981,1.968,2.262,1.942,1.883,2.03,1.993,2.101,2.432,1.997,1.996,2.009,0.095,0.079,0.046,2.081,2.02,8.694,8.656,8.887,1.861,1.766,2.047,1.963,1.983,1.987,NA,NA,NA,NA,NA,NA,NA,NA,NA,NA,NA,NA
"S IPC","12/7/2021",0.005,0.007,0.001,0.071,0.079,0.005,0.001,0.033,0.001,0.001,0.001,0.002,0.005,0.005,0.006,0.044,0.002,0.003,0.002,0.002,0.002,0.052,-0.002,-0.013,-0.009,26.34,26.58,26.24,0.002,-0.002,0.013,0.017,0.013,0,0.001,0.001,0.001,0.007,0.008,NA,NA,NA,NA,NA,NA,NA,NA,NA,NA,NA,NA
"35","12/7/2021",NA,391.2,0.376,-0.531,-0.297,1.111,-0.067,139.6,0.006,0.128,0.458,0.5,175.2,364.9,396.8,26.9,0.579,137.3,7.292,8.422,0.11,8.846,0.416,12.45,0.513,5.968,7.589,6.249,-0.049,-0.129,8.181,9.496,9.453,0.032,1.403,14.35,-0.012,1.854,2.124,"NA","SRM","STSD2",2,"3-Dec-21","12/7/2021","35",NA,NA,NA,NA,0.6165
"Lblank","12/7/2021",0.051,0.058,0,0.078,0.081,0.017,-0.001,0.466,0,0.001,0,0.004,0.046,0.052,0.053,0.197,0,0.029,0.013,0.015,0,0.069,0,0.005,0.001,0.082,0.114,0.085,-0.002,0,0.008,0.01,0.009,0,0.001,0.001,-0.001,0.021,0.024,NA,NA,NA,NA,NA,NA,NA,NA,NA,NA,NA,NA
"CV","12/7/2021",1.976,2.027,2.043,2.092,2.124,2.075,2.066,2.102,1.797,2.024,1.921,2.029,2.044,2.035,2.02,2.34,2.082,1.951,2.042,2.057,2.119,2.483,2.017,1.999,2.023,0.107,0.141,0.061,2.092,2.022,8.656,8.909,8.934,1.873,1.716,2.053,1.943,1.983,1.977,NA,NA,NA,NA,NA,NA,NA,NA,NA,NA,NA,NA
"S IPC","12/7/2021",0.01,0.013,0,0.045,0.048,0.003,0.001,0.042,0.001,0.002,0.002,0.002,0.01,0.012,0.013,0.046,0.002,0.006,0.002,0.003,0.002,0.042,-0.001,-0.013,-0.008,25.94,26.39,26.05,0.001,-0.001,0.015,0.021,0.021,0.002,0.002,0.002,0.001,0.005,0.006,NA,NA,NA,NA,NA,NA,NA,NA,NA,NA,NA,NA
"42","12/7/2021",0.023,0.041,-0.004,0.075,0.108,0.029,-0.001,0.783,0.001,0,0,0.002,0.012,0.017,0.018,0.073,-0.001,0.014,0.008,0.011,0,0.11,-0.002,0.013,0.002,0.013,0.037,0.018,0.003,0.006,0.011,0.017,0.015,-0.002,0.002,0.001,-0.004,0.023,0.033,"NA","BLANK","DIGEST BLANK",2,"3-Dec-21","12/7/2021","42",NA,NA,NA,NA,NA
"49","12/7/2021",24.66,30.14,0.46,0.109,0.111,0.004,-0.032,32.19,0.078,0.086,0.178,5.009,27.03,30,29.99,0.179,0,14.82,4.823,5.136,0.002,0.061,0.166,4.275,0.863,11.42,13.36,11.25,0,0.091,0.011,0.021,0.009,-0.002,0.002,0.003,-0.01,4.292,4.55,"NA","MFB","METHOD FORTIFIED BLANK",3,"3-Dec-21","12/7/2021","49",NA,NA,NA,NA,NA
"Lblank","12/7/2021",0.04,0.053,0.004,0.04,0.039,0.006,-0.001,0.523,0,0,0,0.004,0.062,0.077,0.077,0.083,0,0.027,0.014,0.017,0,0.036,0,0.006,0.002,0.054,0.065,0.047,0,0,0.008,0.012,0.005,0,0.001,0.002,-0.002,0.011,0.012,NA,NA,NA,NA,NA,NA,NA,NA,NA,NA,NA,NA
"CV","12/7/2021",2.008,2.039,2.053,2.084,2.133,2.087,2.073,2.155,1.799,2.028,1.921,2.051,2.055,2.047,2.041,2.362,2.098,1.961,2.047,2.076,2.129,2.508,2.027,2.03,2.033,0.126,0.159,0.08,2.085,2.035,8.602,8.997,8.968,1.885,1.786,2.063,1.969,2.024,1.996,NA,NA,NA,NA,NA,NA,NA,NA,NA,NA,NA,NA
"S IPC","12/7/2021",0.005,0.008,-0.001,0.03,0.031,0.003,0.001,0.063,0.001,0.001,0.001,0.002,0.007,0.009,0.01,0.049,0.001,0.004,0.002,0.003,0.002,0.037,-0.001,-0.011,-0.009,26.22,26.71,26.27,0.002,-0.003,0.013,0.017,0.013,0.001,0.001,0.002,0.001,0.004,0.004,NA,NA,NA,NA,NA,NA,NA,NA,NA,NA,NA,NA
"53","12/7/2021",NA,416.7,0.409,-0.678,-0.419,1.197,-0.073,148.9,0.006,0.14,0.492,0.54,177.9,387.4,424.8,28.5,0.627,146.5,7.689,9,0.118,9.174,0.451,13.55,0.554,6.379,8.024,6.682,-0.049,-0.152,11.93,13.9,13.92,0.034,1.511,14.53,-0.012,2.01,2.294,"13-Oct-21","SRM","STSD2",3,"3-Dec-21","12/7/2021","53",NA,NA,NA,NA,0.6603
"54","12/7/2021",34.87,41.43,-0.046,39.77,46.12,49.09,-0.018,18.55,-0.001,0.043,0.021,0.002,0.802,1.035,1.03,36.58,0.013,2.829,0.025,0.031,0,99.31,0.008,0.019,0.003,0.072,-0.038,0.072,0.002,-0.006,3.423,3.908,3.897,-0.004,0.795,0.024,-0.003,38.97,45.87,"NA","BLANK","FILTER BLANK",3,"3-Dec-21","12/7/2021","54",NA,NA,NA,NA,NA
"Lblank","12/7/2021",0.053,0.06,-0.001,0.072,0.079,0.011,0,0.135,0,0,0,0.002,0.066,0.064,0.065,0.074,0,0.024,0.005,0.006,0,0.052,0,-0.001,0.001,0.031,0.038,0.032,-0.001,-0.002,0.007,0.01,0.011,0,0,0.002,-0.001,0.014,0.017,NA,NA,NA,NA,NA,NA,NA,NA,NA,NA,NA,NA
"CV","12/7/2021",1.989,2.014,2.03,2.087,2.111,2.088,2.061,2.04,1.799,2.032,1.931,2.036,2.056,2.027,2.022,2.306,2.044,1.928,2.03,2.046,2.13,2.462,2.03,2.003,2.026,0.094,0.088,0.053,2.078,2.02,8.577,8.87,8.952,1.88,1.751,2.046,1.945,2.018,1.984,NA,NA,NA,NA,NA,NA,NA,NA,NA,NA,NA,NA
"S IPC","12/7/2021",0.006,0.009,-0.001,0.04,0.042,0.002,0.001,0.075,0.001,0.001,0.002,0.002,0.008,0.007,0.009,0.043,0.002,0.004,0.001,0.002,0.002,0.037,-0.001,-0.013,-0.008,26.34,26.83,26.36,0.001,-0.001,0.013,0.019,0.015,0.001,0.002,0.002,0.002,0.004,0.004,NA,NA,NA,NA,NA,NA,NA,NA,NA,NA,NA,NA
