,PROJECT,DATE,SITE,SAMPLE,SUBSTRATE,AVERAGE.DEPTH,EPIL.OM.AREA.g.m2,EPIL.ASH.AREA.g.m2,EPIL.CHL.TOTAL.MG.M2.RITCHIE,PHICOCYANIN.MG.M2
26,LTREB,6/22/2021,WS,1,EPIL,25.25,14.59139716,51.81816684,28.84298126,27.18115394
27,LTREB,6/22/2021,WS,3,EPIL,29.25,8.388884185,32.53250209,26.23687612,23.02237192
28,LTREB,6/22/2021,GC,1,EPIL,13.875,6.430503557,11.47201835,27.94277783,30.75324021
29,LTREB,6/22/2021,BG,1,EPIL,14.25,4.559811613,17.01160486,13.69942917,13.32429567
30,LTREB,6/22/2021,BG,2,EPIL,11.1875,20.66530007,170.355731,40.98460408,16.80641334
31,LTREB,6/22/2021,BG,3,EPIL,15.25,19.17459242,97.74365406,32.1622669,28.89283707
32,LTREB,6/22/2021,BG,4,EPIL,17.0625,0.800889988,69.196895,22.65372594,7.528365891
33,LTREB,6/22/2021,BN,1,EPIL,15,19.20732953,159.8880404,22.21648129,26.8470016
34,LTREB,6/22/2021,BN,5,EPIL,12.6875,8.535031994,59.31847236,25.23200583,26.60369472
254,LTREB,6/22/2021,WS,2,EPIL,32.75,7.562272183,32.40973793,12.3674221,10.0601136
255,LTREB,6/22/2021,WS,4,EPIL,32.625,8.698717539,58.68126791,23.94146204,12.49739137
256,LTREB,6/22/2021,WS,5,EPIL,14.5,9.952081141,92.94532923,27.19645866,11.51153671
257,LTREB,6/22/2021,DL,1,EPIL,14.625,14.8953846,40.26664409,33.48955183,40.29119692
258,LTREB,6/22/2021,DL,2,EPIL,17,22.94520587,57.80145811,83.26463361,60.69518471
259,LTREB,6/22/2021,DL,3,EPIL,24.375,17.52019924,38.35503076,31.98596798,18.26730683
260,LTREB,6/22/2021,DL,4,EPIL,16.75,10.47587489,8.143355868,23.55515936,19.02026034
261,LTREB,6/22/2021,DL,5,EPIL,17,12.14546745,36.31246899,25.23490603,16.14851437
262,LTREB,6/22/2021,GR,1,EPIL,22.25,14.34762262,58.14812071,32.67379079,31.88202742
263,LTREB,6/22/2021,GR,2,EPIL,33,27.72833134,127.699278,44.43098613,60.44088752
264,LTREB,6/22/2021,GR,3,EPIL,31.5,3.283064361,9.454009411,6.956424582,6.958272521
265,LTREB,6/22/2021,GR,4,EPIL,18.25,2.185202027,5.720809801,6.266264217,4.998956547
266,LTREB,6/22/2021,GR,5,EPIL,36.25,23.21411784,95.42867278,84.8720154,48.55030185
267,LTREB,6/22/2021,GC,2,EPIL,9.8125,10.04093901,33.05512665,44.85473035,32.08657589
268,LTREB,6/22/2021,GC,3,EPIL,14.8125,9.143006875,25.43907207,33.28118665,28.32180836
269,LTREB,6/22/2021,GC,4,EPIL,9,7.313236318,18.41462382,20.9967913,28.89517544
270,LTREB,6/22/2021,GC,5,EPIL,14.25,6.734490998,18.47308295,20.68621627,27.97152129
271,LTREB,6/22/2021,BG,5,EPIL,7,3.633819101,14.04421977,7.542966782,9.821132705
272,LTREB,6/22/2021,BN,2,EPIL,9.4375,6.229404173,28.78994902,12.51268301,21.87867763
273,LTREB,6/22/2021,BN,3,EPIL,13.5,6.383736258,62.2823499,17.79374613,14.75215975
274,LTREB,6/22/2021,BN,4,EPIL,12.875,3.472471921,17.99371813,14.34742953,16.87305674
35,LTREB,7/7/2021,WS,1,EPIL,30.75,8.231044553,24.36576257,24.17137289,5.66819659
36,LTREB,7/7/2021,WS,4,EPIL,33.25,7.810138865,20.67114598,20.91371767,11.57022967
37,LTREB,7/7/2021,BG,3,EPIL,7,33.19542854,216.0438742,50.83018351,25.680859
38,LTREB,7/7/2021,BN,2,EPIL,15.875,11.5749064,67.27475903,22.17055748,16.19083877
39,LTREB,7/7/2021,BN,3,EPIL,6.8125,NA,NA,10.30477613,8.630144987
275,LTREB,7/7/2021,WS,2,EPIL,27.75,9.952665732,39.54759687,21.48436485,10.04035442
276,LTREB,7/7/2021,WS,3,EPIL,37.125,0.675319792,7.0997436,1.607077168,2.020627903
277,LTREB,7/7/2021,WS,5,EPIL,36.75,12.35825865,29.54524089,41.12057767,15.80383938
278,LTREB,7/7/2021,DL,1,EPIL,8.5,6.734490998,22.58860522,20.3956749,8.960614411
279,LTREB,7/7/2021,DL,2,EPIL,31.5,14.71708428,70.8641492,12.95151177,11.85141806
280,LTREB,7/7/2021,DL,3,EPIL,29.5,18.50114332,112.8167544,26.36893149,11.8497812
281,LTREB,7/7/2021,DL,4,EPIL,11,7.562272183,21.88475738,22.35581074,12.98762957
282,LTREB,7/7/2021,DL,5,EPIL,16.5,12.89842095,55.65308533,28.50801338,16.70247302
283,LTREB,7/7/2021,GR,1,EPIL,12.125,16.20486896,62.36419268,27.49619741,29.40610817
284,LTREB,7/7/2021,GR,2,EPIL,22.75,11.12594034,41.82867186,14.83009084,12.90426686
285,LTREB,7/7/2021,GR,3,EPIL,23.25,12.72070522,50.38591832,28.50341387,19.76678334
286,LTREB,7/7/2021,GR,4,EPIL,28.75,20.56241201,117.1403912,28.85071206,27.4852583
287,LTREB,7/7/2021,GR,5,EPIL,37.25,13.46664363,77.18241124,21.59269333,14.57011804
288,LTREB,7/7/2021,GC,1,EPIL,6.625,8.464881046,26.5638256,22.18348443,14.32950029
289,LTREB,7/7/2021,GC,2,EPIL,14.625,4.23127134,14.39731287,9.017903638,5.486914849
290,LTREB,7/7/2021,GC,3,EPIL,13.8125,17.47810867,67.59745339,28.26283093,29.72435964
291,LTREB,7/7/2021,GC,4,EPIL,14,11.90695422,31.36682717,14.18822269,13.58636791
292,LTREB,7/7/2021,GC,5,EPIL,9.625,2.272890712,70.52274792,41.45681062,29.50969774
293,LTREB,7/7/2021,BG,1,EPIL,13.5,5.070159759,23.80397039,25.70304628,9.068997625
294,LTREB,7/7/2021,BG,2,EPIL,14.625,13.52510275,97.14503264,19.91928589,15.26484626
295,LTREB,7/7/2021,BG,4,EPIL,15.125,27.57809139,162.4403658,58.20299734,29.28685156
296,LTREB,7/7/2021,BG,5,EPIL,7.5,6.629264576,6.792950121,19.99966052,26.38610987
297,LTREB,7/7/2021,BN,1,EPIL,15,7.700235714,34.08868395,12.24561997,5.59175544
298,LTREB,7/7/2021,BN,4,EPIL,11.25,2.726533508,32.96626878,30.42566317,14.00446756
299,LTREB,7/7/2021,BN,5,EPIL,8.1875,9.354628901,67.07833637,7.948350485,9.109100584
40,LTREB,7/20/2021,WS,1,EPIL,30.5,4.835738675,8.899816923,19.24425316,11.52346237
41,LTREB,7/20/2021,BN,2,EPIL,10.75,21.38142433,152.6858765,49.20864498,17.03761917
42,LTREB,7/20/2021,BG,2,EPIL,18.5,45.95120923,240.1126644,55.32434192,29.71243398
43,LTREB,7/20/2021,BG,3,EPIL,27.25,33.38951283,220.5364578,46.04761287,18.5426493
44,LTREB,7/20/2021,BG,4,EPIL,27.75,15.06140851,86.47098133,39.10527393,13.46278533
45,LTREB,7/20/2021,BG,5,EPIL,32.75,22.99197317,151.0583745,41.77178631,11.02392917
46,LTREB,7/20/2021,BN,1,EPIL,22.5,13.39883105,61.59253225,40.40640091,11.09787996
101,LTREB,7/20/2021,WS,2,EPIL,16.5,2.865666221,8.41928293,5.151816316,4.094126237
102,LTREB,7/20/2021,WS,3,EPIL,27,3.395305878,4.527074504,29.39828784,8.6786076
103,LTREB,7/20/2021,WS,4,EPIL,25.875,4.2406248,5.973353213,9.436951916,5.065950702
104,LTREB,7/20/2021,WS,5,EPIL,33.125,6.357429653,18.02002474,22.23499622,10.23765396
105,LTREB,7/20/2021,DL,1,EPIL,34.25,12.69264484,95.24861868,31.54534484,18.48500861
106,LTREB,7/20/2021,DL,2,EPIL,20.375,2.739394515,9.530006271,12.80183491,8.295349588
107,LTREB,7/20/2021,DL,3,EPIL,6.375,10.34901859,37.45534485,16.96227865,10.19801867
108,LTREB,7/20/2021,DL,4,EPIL,26.25,5.598045642,26.61293127,11.70946672,11.11167631
109,LTREB,7/20/2021,DL,5,EPIL,35.125,7.766879114,32.71664832,22.68818328,13.84206812
110,LTREB,7/20/2021,GR,1,EPIL,37.5,13.29945054,77.77518675,41.07245477,16.15085273
111,LTREB,7/20/2021,GR,2,EPIL,32.75,32.14959483,217.3948646,43.33761408,25.52588387
112,LTREB,7/20/2021,GR,3,EPIL,34.75,28.80865593,164.5273565,86.72086836,51.42532154
113,LTREB,7/20/2021,GR,4,EPIL,36,7.934072207,37.34485711,47.10944198,17.7103083
114,LTREB,7/20/2021,GR,5,EPIL,33,14.45109527,65.45083438,69.31863636,38.98989684
115,LTREB,7/20/2021,GC,1,EPIL,26.25,35.8050438,164.2093388,134.8790981,56.42381041
116,LTREB,7/20/2021,GC,2,EPIL,33.5,10.59746986,31.2779693,97.89996057,91.87903482
117,LTREB,7/20/2021,GC,3,EPIL,38.25,5.050868248,18.37019489,13.45971646,11.0295997
118,LTREB,7/20/2021,GC,4,EPIL,32.5,7.9878546,13.26554425,31.13433861,36.75839519
119,LTREB,7/20/2021,GC,5,EPIL,26.25,8.184277254,29.79076921,34.72346584,31.73862719
120,LTREB,7/20/2021,BG,1,EPIL,12,10.43846105,46.69247092,25.95416036,8.743614145
121,LTREB,7/20/2021,BN,3,EPIL,11.75,6.383736258,26.76258662,4.270580833,5.9008639
122,LTREB,7/20/2021,BN,4,EPIL,26,14.77378963,66.19794198,51.07942397,13.8835741
123,LTREB,7/20/2021,BN,5,EPIL,33.75,16.43870546,104.0525626,43.1014691,26.38190081
47,LTREB,8/3/2021,BN,1,EPIL,24.125,15.60332459,114.7687045,19.24414835,11.84112925
48,LTREB,8/3/2021,BN,3,EPIL,33,4.06524743,21.22592306,6.50604398,5.951255664
49,LTREB,8/3/2021,GR,1,EPIL,15.9375,7.340127514,30.8114655,59.38681918,18.52101943
50,LTREB,8/3/2021,GC,5,EPIL,27.625,5.15609467,15.62612364,15.79532457,13.25852915
51,LTREB,8/3/2021,BG,3,EPIL,18.5,3.642003378,15.46828401,17.80241369,5.152002531
124,LTREB,8/3/2021,WS,1,EPIL,14.6875,8.245074742,27.80198983,21.59590498,6.721746909
125,LTREB,8/3/2021,WS,2,EPIL,8.6875,5.098804729,12.31733727,14.26994803,8.82265088
126,LTREB,8/3/2021,WS,3,EPIL,16.6875,20.62437868,53.70931948,8.014694569,27.41323666
127,LTREB,8/3/2021,WS,4,EPIL,11,2.623645451,5.041514789,6.871878917,4.06819377
128,LTREB,8/3/2021,WS,5,EPIL,16.125,4.349358769,14.77846636,11.1042492,6.089102277
129,LTREB,8/3/2021,DL,1,EPIL,3.4375,9.885437741,59.41668368,32.90770185,14.85937378
130,LTREB,8/3/2021,DL,2,EPIL,5.75,7.598516839,24.04891412,46.59513262,12.11845933
131,LTREB,8/3/2021,DL,3,EPIL,3.6875,8.046313723,42.48107568,48.22819462,9.971372652
132,LTREB,8/3/2021,DL,4,EPIL,3.4375,7.510828154,18.82851441,40.53297226,9.789798615
133,LTREB,8/3/2021,DL,5,EPIL,8.625,8.022930074,27.22675206,50.8171563,17.12980921
134,LTREB,8/3/2021,GR,2,EPIL,15.25,9.620033321,44.91706734,29.94224902,24.21277504
135,LTREB,8/3/2021,GR,3,EPIL,9.6875,8.745484837,43.64791978,25.8648358,13.43624489
136,LTREB,8/3/2021,GR,4,EPIL,15.5625,6.430503557,33.23284238,36.12665644,10.20135084
137,LTREB,8/3/2021,GR,5,EPIL,8.625,22.31384734,91.608486,57.65185003,54.1942496
138,LTREB,8/3/2021,GC,1,EPIL,24.875,3.66187948,8.839019434,22.74105572,26.40341377
139,LTREB,8/3/2021,GC,2,EPIL,21.375,12.94518825,64.01800127,29.76882873,29.96608812
140,LTREB,8/3/2021,GC,3,EPIL,35.375,1.031218934,2.635337276,4.46954135,2.972529499
141,LTREB,8/3/2021,GC,4,EPIL,36.375,12.88439076,38.87531696,67.88608666,81.31605584
142,LTREB,8/3/2021,BG,1,EPIL,28.375,7.051339446,36.12189225,17.56282307,9.469559538
143,LTREB,8/3/2021,BG,2,EPIL,28.375,13.35323293,71.82170963,31.05048245,14.00166153
144,LTREB,8/3/2021,BG,4,EPIL,19,3.019998307,16.13121047,15.00529323,9.06736077
145,LTREB,8/3/2021,BG,5,EPIL,26,5.892679623,27.07826589,14.88087505,12.08466996
146,LTREB,8/3/2021,BN,2,EPIL,26.5,4.068754978,21.71171837,17.74069454,6.965989126
147,LTREB,8/3/2021,BN,4,EPIL,33.5,7.047831898,39.71478997,41.33966092,5.797742007
148,LTREB,8/3/2021,BN,5,EPIL,23.5,26.73452624,171.3951343,75.78109197,4.549195436
52,LTREB,8/17/2021,WS,1,EPIL,27.625,4.629962561,9.680830809,41.67057894,11.41496224
53,LTREB,8/17/2021,WS,2,EPIL,12.25,4.758572632,19.48442578,21.22253301,10.34024972
54,LTREB,8/17/2021,WS,3,EPIL,33.625,0.708190522,3.287072987,16.15311019,7.889643273
55,LTREB,8/17/2021,WS,4,EPIL,39,6.266818012,22.36470678,19.18548381,10.03082558
56,LTREB,8/17/2021,WS,5,EPIL,26,8.663642065,29.33478804,20.00773519,10.79915384
57,LTREB,8/17/2021,DL,1,EPIL,9.375,5.143233663,15.62378528,9.920090532,11.810029
58,LTREB,8/17/2021,DL,2,EPIL,20.625,9.94681982,50.89860483,42.39723601,32.84391383
59,LTREB,8/17/2021,DL,3,EPIL,21,9.470377966,67.22214582,9.771343333,4.522105479
60,LTREB,8/17/2021,DL,4,EPIL,36.125,9.712398736,47.19405019,36.99594808,15.80886686
61,LTREB,8/17/2021,DL,5,EPIL,37.625,4.195026684,21.49951176,26.52740532,18.08298522
62,LTREB,8/17/2021,GR,1,EPIL,25.75,4.332990215,17.61022629,11.25602573,12.70082912
63,LTREB,8/17/2021,GR,2,EPIL,36.7,3.846610309,14.94682863,17.14999007,19.54078037
64,LTREB,8/17/2021,GR,3,EPIL,11.5,3.619788911,8.67065716,8.776237563,8.61593942
65,LTREB,8/17/2021,GR,4,EPIL,25.25,10.21047047,43.43045184,21.24995731,29.35150735
66,LTREB,8/17/2021,GR,5,EPIL,17.125,9.902975478,23.27199237,42.12370605,32.1846703
67,LTREB,8/17/2021,GC,1,EPIL,22.86,5.81083685,14.73462201,21.27747074,52.00698981
68,LTREB,8/17/2021,GC,2,EPIL,35.8775,8.791082953,25.77579662,28.61598129,46.51592437
69,LTREB,8/17/2021,GC,3,EPIL,37.7825,9.698368546,40.91787872,30.52159433,40.10506307
70,LTREB,8/17/2021,GC,4,EPIL,33.81375,8.038129446,28.16560558,29.32103717,22.26883382
71,LTREB,8/17/2021,GC,5,EPIL,46.355,7.955117491,30.81029631,34.09542522,20.05826053
72,LTREB,8/17/2021,GC,6,EPIL,45.72,8.73262383,14.85680158,20.09483463,26.41335182
73,LTREB,8/17/2021,GC,7,EPIL,47.625,9.513637717,27.34016276,40.90252667,32.40178749
74,LTREB,8/17/2021,BG,1,EPIL,30.95625,26.30660546,177.2480617,28.82607383,19.65980315
75,LTREB,8/17/2021,BG,2,EPIL,31.4325,9.470377966,-13.10068952,39.15418071,23.7232968
76,LTREB,8/17/2021,BG,3,EPIL,37.94125,15.88334379,78.69474875,42.12744326,19.40655823
77,LTREB,8/17/2021,BG,4,EPIL,37.94125,23.51342855,116.8714792,67.37811491,36.70320977
78,LTREB,8/17/2021,BG,5,EPIL,37.94125,NA,NA,NA,NA
79,LTREB,8/17/2021,BG,6,EPIL,41.43375,11.45798816,58.40066412,42.90728361,21.5831083
80,LTREB,8/17/2021,BG,7,EPIL,24.765,15.63898465,91.79017695,68.53032486,30.98473834
81,DRONE,9/9/2021,GC,1,EPIL,18.75,9.263432669,48.6941113,43.55111701,30.72705052
82,DRONE,9/9/2021,GC,2,EPIL,30,12.36761211,41.32124667,59.24726154,55.4337467
83,DRONE,9/9/2021,GC,3,EPIL,34.5,10.44313778,32.58979203,51.70046047,53.66512438
84,DRONE,9/9/2021,GC,4,EPIL,41.75,14.80535755,82.93946569,28.75786243,20.11613506
85,DRONE,9/9/2021,GC,5,EPIL,47.75,4.890690251,17.5295527,13.33204965,9.979206174
86,DRONE,9/9/2021,GC,6,EPIL,20.5,16.54627024,68.28727104,58.32293215,37.77160871
87,DRONE,9/9/2021,GC,7,EPIL,31.25,18.87762008,59.3757623,60.80668106,60.94082994
88,DRONE,9/9/2021,GC,8,EPIL,34.875,15.00528775,58.71634339,50.95378183,36.0561842
89,DRONE,9/9/2021,GC,9,EPIL,37.75,5.745362632,10.54368747,11.88926339,8.65592546
90,DRONE,9/9/2021,GC,10,EPIL,45,6.049934665,21.47495892,13.38992784,7.070572497
91,DRONE,9/9/2021,GC,11,EPIL,22,15.74654944,51.8146593,58.67105483,54.65542193
92,DRONE,9/9/2021,GC,12,EPIL,31.375,17.28519356,68.35508363,56.73671572,38.93751746
93,DRONE,9/9/2021,GC,13,EPIL,35.75,0.869871754,3.311124741,2.642918161,0.318695756
94,DRONE,9/9/2021,GC,14,EPIL,35.75,5.555955073,16.66786522,21.20032386,14.15996883
95,DRONE,9/9/2021,GC,15,EPIL,42.75,3.953005914,11.9817819,11.90824003,5.909866605
96,DRONE,9/9/2021,GC,16,EPIL,23.875,19.53002389,65.07201927,54.2169786,57.38628141
97,DRONE,9/9/2021,GC,17,EPIL,31.75,4.793648106,14.04538895,17.95904119,14.37135702
98,DRONE,9/9/2021,GC,18,EPIL,33.75,6.134700393,21.44046804,18.81944456,16.66283773
99,DRONE,9/9/2021,GC,19,EPIL,44.375,4.072262525,11.98002813,13.54866034,6.894435159
100,DRONE,9/9/2021,GC,20,EPIL,36.25,6.629264576,18.05685399,18.0309102,14.62226358
495,DRONE,9/9/2021,GC,12.1,EPIL,NA,NA,NA,NA,NA
300,LTREB,9/22/2021,DL,1,EPIL,16,17.78326529,98.17625158,44.16375127,22.10807123
301,LTREB,9/22/2021,DL,2,EPIL,13.875,12.88672913,71.4171725,45.76662818,19.3416686
302,LTREB,9/22/2021,DL,3,EPIL,24.25,5.479958213,72.6974273,19.45919839,16.67616641
303,LTREB,9/22/2021,DL,4,EPIL,27.375,15.62729283,77.99265468,69.13382952,22.28567004
304,LTREB,9/22/2021,DL,5,EPIL,22,7.922380382,27.111003,33.48279142,16.14313613
305,LTREB,9/22/2021,GR,1,EPIL,29.5,14.56801351,69.48451389,54.10165573,43.04111408
306,LTREB,9/22/2021,GR,2,EPIL,31.5,23.4304166,75.90332562,70.53610816,51.14004101
307,LTREB,9/22/2021,GR,3,EPIL,35.375,26.30485169,162.2907104,106.626272,39.50375253
308,LTREB,9/22/2021,GR,4,EPIL,21.25,5.714963888,12.85866875,18.8683822,2.062554786
309,LTREB,9/22/2021,GR,5,EPIL,11.75,10.42560004,43.90864747,42.39686495,26.34086251
310,LTREB,9/22/2021,BG,1,EPIL,8.75,22.26240331,122.5782588,29.23688554,9.232917007
311,LTREB,9/22/2021,BG,2,EPIL,12.5,39.80657079,231.5226809,96.89274454,41.71415044
312,LTREB,9/22/2021,BG,3,EPIL,26.5,28.28486219,197.3311089,100.6945263,29.96427588
313,LTREB,9/22/2021,BG,4,EPIL,29.25,14.21725877,185.535227,63.459561,17.16546928
314,LTREB,9/22/2021,BG,5,EPIL,29,25.28824753,228.1472511,84.13948101,24.59948214
315,LTREB,9/22/2021,BN,1,EPIL,33.25,50.51803594,72.17597192,42.13779136,21.02517443
316,LTREB,9/22/2021,BN,2,EPIL,34.5,95.01945892,39.97201011,75.65474952,23.33501131
317,LTREB,9/22/2021,BN,3,EPIL,34,25.11754689,188.1097668,39.80242826,18.80735221
318,LTREB,9/22/2021,BN,4,EPIL,29.25,23.59994805,158.5762177,93.64613591,34.90477331
319,LTREB,9/22/2021,BN,5,EPIL,30.25,18.31407413,103.7626054,57.33052684,31.22138087
497,LTREB,9/22/2021,NA,2,EPIL,NA,NA,NA,NA,NA
320,LTREB,10/13/2021,DL,1,EPIL,18.5,13.05392222,57.97975843,29.23905893,21.04224449
321,LTREB,10/13/2021,DL,2,EPIL,16,10.46885979,54.46402676,29.41106761,16.23538463
322,LTREB,10/13/2021,DL,3,EPIL,12.5,8.835511887,49.0004371,12.63536306,12.67838081
323,LTREB,10/13/2021,DL,4,EPIL,21,11.88590894,81.88953984,19.07079063,13.51574929
324,LTREB,10/13/2021,DL,5,EPIL,17.75,11.01019127,92.85764054,31.15483992,13.29769676
325,LTREB,10/13/2021,GR,1,EPIL,30.25,31.03477935,166.8470145,87.56734674,59.71248685
326,LTREB,10/13/2021,GR,2,EPIL,33.5,37.93412507,190.9228198,133.2768395,95.3140929
327,LTREB,10/13/2021,GR,3,EPIL,36.5,36.7123294,204.0807992,89.03865217,29.39324717
328,LTREB,10/13/2021,GR,4,EPIL,34.5,13.46079772,68.08383329,42.69271022,25.87389103
329,LTREB,10/13/2021,GR,5,EPIL,27.25,10.55070256,60.87231585,75.31746531,24.07580532
330,LTREB,10/13/2021,GC,1,EPIL,18.75,25.58989661,109.4986146,70.34833361,27.53050566
331,LTREB,10/13/2021,GC,2,EPIL,32.25,28.88465279,113.3288563,56.97233803,28.88991412
332,LTREB,10/13/2021,GC,3,EPIL,45,6.419980915,24.46748144,4.48483131,7.014276362
333,LTREB,10/13/2021,GC,4,EPIL,37,1.419621349,6.052389948,4.671546666,3.416818835
334,LTREB,10/13/2021,GC,5,EPIL,58,25.25434124,84.88264695,72.42824198,26.81870738
335,LTREB,10/13/2021,BN,1,EPIL,29.75,25.41218087,178.4172441,39.87935591,25.93597462
336,LTREB,10/13/2021,BN,2,EPIL,35.25,2.82240647,26.62602611,4.722074649,2.187563775
337,LTREB,10/13/2021,BN,3,EPIL,38.5,10.51679627,68.543322,84.89661038,25.64134064
338,LTREB,10/13/2021,BN,4,EPIL,36,32.51496435,174.7810867,85.72542571,38.23402038
339,LTREB,10/13/2021,BN,5,EPIL,40,32.3582939,163.2833463,55.58283687,37.53356316
26,LTREB,6/22/2021,WS,1,EPIP,25.25,NA,NA,NA,27.18115394
27,LTREB,6/22/2021,WS,3,EPIP,29.25,NA,NA,NA,23.02237192
28,LTREB,6/22/2021,GC,1,EPIP,13.875,NA,NA,NA,30.75324021
29,LTREB,6/22/2021,BG,1,EPIP,14.25,NA,NA,NA,13.32429567
30,LTREB,6/22/2021,BG,2,EPIP,11.1875,NA,NA,NA,16.80641334
31,LTREB,6/22/2021,BG,3,EPIP,15.25,NA,NA,NA,28.89283707
32,LTREB,6/22/2021,BG,4,EPIP,17.0625,1.199581209,8.397068463,1.445260491,7.528365891
33,LTREB,6/22/2021,BN,1,EPIP,15,7.099275927,71.26284042,4.866447159,26.8470016
34,LTREB,6/22/2021,BN,5,EPIP,12.6875,3.633819101,32.05547564,2.739832549,26.60369472
254,LTREB,6/22/2021,WS,2,EPIP,32.75,NA,NA,NA,10.0601136
255,LTREB,6/22/2021,WS,4,EPIP,32.625,NA,NA,NA,12.49739137
256,LTREB,6/22/2021,WS,5,EPIP,14.5,NA,NA,NA,11.51153671
257,LTREB,6/22/2021,DL,1,EPIP,14.625,NA,NA,NA,40.29119692
258,LTREB,6/22/2021,DL,2,EPIP,17,NA,NA,NA,60.69518471
259,LTREB,6/22/2021,DL,3,EPIP,24.375,NA,NA,NA,18.26730683
260,LTREB,6/22/2021,DL,4,EPIP,16.75,NA,NA,NA,19.02026034
261,LTREB,6/22/2021,DL,5,EPIP,17,NA,NA,NA,16.14851437
262,LTREB,6/22/2021,GR,1,EPIP,22.25,NA,NA,NA,31.88202742
263,LTREB,6/22/2021,GR,2,EPIP,33,NA,NA,NA,60.44088752
264,LTREB,6/22/2021,GR,3,EPIP,31.5,NA,NA,NA,6.958272521
265,LTREB,6/22/2021,GR,4,EPIP,18.25,NA,NA,NA,4.998956547
266,LTREB,6/22/2021,GR,5,EPIP,36.25,NA,NA,NA,48.55030185
267,LTREB,6/22/2021,GC,2,EPIP,9.8125,NA,NA,NA,32.08657589
268,LTREB,6/22/2021,GC,3,EPIP,14.8125,NA,NA,NA,28.32180836
269,LTREB,6/22/2021,GC,4,EPIP,9,NA,NA,NA,28.89517544
270,LTREB,6/22/2021,GC,5,EPIP,14.25,NA,NA,NA,27.97152129
271,LTREB,6/22/2021,BG,5,EPIP,7,0.289957251,1.973580001,0.502865004,9.821132705
272,LTREB,6/22/2021,BN,2,EPIP,9.4375,0.409213863,2.952185724,1.10495518,21.87867763
273,LTREB,6/22/2021,BN,3,EPIP,13.5,6.842055784,51.39258443,5.393891465,14.75215975
274,LTREB,6/22/2021,BN,4,EPIP,12.875,-0.212791209,30.64193404,0.940810006,16.87305674
35,LTREB,7/7/2021,WS,1,EPIP,30.75,NA,NA,NA,5.66819659
36,LTREB,7/7/2021,WS,4,EPIP,33.25,NA,NA,NA,11.57022967
37,LTREB,7/7/2021,BG,3,EPIP,7,NA,NA,8.958626415,25.680859
38,LTREB,7/7/2021,BN,2,EPIP,15.875,3.167315297,18.60169302,5.353901578,16.19083877
39,LTREB,7/7/2021,BN,3,EPIP,6.8125,2.095174977,10.08302958,3.476039143,8.630144987
275,LTREB,7/7/2021,WS,2,EPIP,27.75,NA,NA,NA,10.04035442
276,LTREB,7/7/2021,WS,3,EPIP,37.125,NA,NA,NA,2.020627903
277,LTREB,7/7/2021,WS,5,EPIP,36.75,NA,NA,NA,15.80383938
278,LTREB,7/7/2021,DL,1,EPIP,8.5,NA,NA,NA,8.960614411
279,LTREB,7/7/2021,DL,2,EPIP,31.5,NA,NA,NA,11.85141806
280,LTREB,7/7/2021,DL,3,EPIP,29.5,NA,NA,NA,11.8497812
281,LTREB,7/7/2021,DL,4,EPIP,11,NA,NA,NA,12.98762957
282,LTREB,7/7/2021,DL,5,EPIP,16.5,NA,NA,NA,16.70247302
283,LTREB,7/7/2021,GR,1,EPIP,12.125,NA,NA,NA,29.40610817
284,LTREB,7/7/2021,GR,2,EPIP,22.75,NA,NA,NA,12.90426686
285,LTREB,7/7/2021,GR,3,EPIP,23.25,NA,NA,NA,19.76678334
286,LTREB,7/7/2021,GR,4,EPIP,28.75,NA,NA,NA,27.4852583
287,LTREB,7/7/2021,GR,5,EPIP,37.25,NA,NA,NA,14.57011804
288,LTREB,7/7/2021,GC,1,EPIP,6.625,NA,NA,NA,14.32950029
289,LTREB,7/7/2021,GC,2,EPIP,14.625,0.671110735,3.642003378,1.686672655,5.486914849
290,LTREB,7/7/2021,GC,3,EPIP,13.8125,1.431663928,6.940851703,3.338346336,29.72435964
291,LTREB,7/7/2021,GC,4,EPIP,14,1.980595096,6.764889742,1.958782827,13.58636791
292,LTREB,7/7/2021,GC,5,EPIP,9.625,1.139952903,7.485690731,1.522184887,29.50969774
293,LTREB,7/7/2021,BG,1,EPIP,13.5,0.434935877,2.862158674,0.971689962,9.068997625
294,LTREB,7/7/2021,BG,2,EPIP,14.625,6.705261436,71.46510898,5.205833469,15.26484626
295,LTREB,7/7/2021,BG,4,EPIP,15.125,2.857481944,23.39183357,4.192428199,29.28685156
296,LTREB,7/7/2021,BG,5,EPIP,7.5,NA,NA,NA,26.38610987
297,LTREB,7/7/2021,BN,1,EPIP,15,2.554663686,14.70948459,4.26654409,5.59175544
298,LTREB,7/7/2021,BN,4,EPIP,11.25,1.277331843,5.270674552,5.128841103,14.00446756
299,LTREB,7/7/2021,BN,5,EPIP,8.1875,2.934647987,22.64706434,2.639292036,9.109100584
40,LTREB,7/20/2021,WS,1,EPIP,30.5,NA,NA,NA,11.52346237
41,LTREB,7/20/2021,BN,2,EPIP,10.75,23.81624681,151.9820286,49.12163093,17.03761917
42,LTREB,7/20/2021,BG,2,EPIP,18.5,51.98419075,333.4227786,51.83375233,29.71243398
43,LTREB,7/20/2021,BG,3,EPIP,27.25,42.79207821,301.912142,65.16901523,18.5426493
44,LTREB,7/20/2021,BG,4,EPIP,27.75,25.36190603,158.2067561,66.12591924,13.46278533
45,LTREB,7/20/2021,BG,5,EPIP,32.75,42.23087063,336.783009,108.0073398,11.02392917
46,LTREB,7/20/2021,BN,1,EPIP,22.5,15.62612364,104.4828218,58.97542985,11.09787996
101,LTREB,7/20/2021,WS,2,EPIP,16.5,NA,NA,NA,4.094126237
102,LTREB,7/20/2021,WS,3,EPIP,27,0.253879621,0.290625356,3.689081835,8.6786076
103,LTREB,7/20/2021,WS,4,EPIP,25.875,NA,NA,NA,5.065950702
104,LTREB,7/20/2021,WS,5,EPIP,33.125,NA,NA,NA,10.23765396
105,LTREB,7/20/2021,DL,1,EPIP,34.25,NA,NA,NA,18.48500861
106,LTREB,7/20/2021,DL,2,EPIP,20.375,NA,NA,NA,8.295349588
107,LTREB,7/20/2021,DL,3,EPIP,6.375,NA,NA,NA,10.19801867
108,LTREB,7/20/2021,DL,4,EPIP,26.25,NA,NA,NA,11.11167631
109,LTREB,7/20/2021,DL,5,EPIP,35.125,NA,NA,NA,13.84206812
110,LTREB,7/20/2021,GR,1,EPIP,37.5,NA,NA,NA,16.15085273
111,LTREB,7/20/2021,GR,2,EPIP,32.75,NA,NA,NA,25.52588387
112,LTREB,7/20/2021,GR,3,EPIP,34.75,NA,NA,NA,51.42532154
113,LTREB,7/20/2021,GR,4,EPIP,36,NA,NA,NA,17.7103083
114,LTREB,7/20/2021,GR,5,EPIP,33,NA,NA,NA,38.98989684
115,LTREB,7/20/2021,GC,1,EPIP,26.25,NA,NA,NA,56.42381041
116,LTREB,7/20/2021,GC,2,EPIP,33.5,NA,NA,NA,91.87903482
117,LTREB,7/20/2021,GC,3,EPIP,38.25,2.507896387,13.64435937,6.275363391,11.0295997
118,LTREB,7/20/2021,GC,4,EPIP,32.5,1.890568046,2.946339811,4.667908261,36.75839519
119,LTREB,7/20/2021,GC,5,EPIP,26.25,4.499014125,20.18476607,11.78535901,31.73862719
120,LTREB,7/20/2021,BG,1,EPIP,12,15.22275569,76.4645332,47.33249239,8.743614145
121,LTREB,7/20/2021,BN,3,EPIP,11.75,6.510007964,27.49917157,53.31052481,5.9008639
122,LTREB,7/20/2021,BN,4,EPIP,26,23.8700292,144.0339262,122.9525817,13.8835741
123,LTREB,7/20/2021,BN,5,EPIP,33.75,13.65137446,67.86402699,96.8914665,26.38190081
47,LTREB,8/3/2021,BN,1,EPIP,24.125,5.145572028,30.36834534,14.12006364,11.84112925
48,LTREB,8/3/2021,BN,3,EPIP,33,0.860518294,4.490829848,5.914483952,5.951255664
49,LTREB,8/3/2021,GR,1,EPIP,15.9375,NA,NA,NA,18.52101943
50,LTREB,8/3/2021,GC,5,EPIP,27.625,NA,NA,NA,13.25852915
51,LTREB,8/3/2021,BG,3,EPIP,18.5,NA,NA,NA,5.152002531
124,LTREB,8/3/2021,WS,1,EPIP,14.6875,0.32269436,0.98211327,1.365092199,6.721746909
125,LTREB,8/3/2021,WS,2,EPIP,8.6875,NA,NA,NA,8.82265088
126,LTREB,8/3/2021,WS,3,EPIP,16.6875,0.421490279,0.740677091,1.879653862,27.41323666
127,LTREB,8/3/2021,WS,4,EPIP,11,NA,NA,NA,4.06819377
128,LTREB,8/3/2021,WS,5,EPIP,16.125,NA,NA,NA,6.089102277
129,LTREB,8/3/2021,DL,1,EPIP,3.4375,NA,NA,NA,14.85937378
130,LTREB,8/3/2021,DL,2,EPIP,5.75,NA,NA,NA,12.11845933
131,LTREB,8/3/2021,DL,3,EPIP,3.6875,NA,NA,NA,9.971372652
132,LTREB,8/3/2021,DL,4,EPIP,3.4375,NA,NA,NA,9.789798615
133,LTREB,8/3/2021,DL,5,EPIP,8.625,NA,NA,NA,17.12980921
134,LTREB,8/3/2021,GR,2,EPIP,15.25,NA,NA,NA,24.21277504
135,LTREB,8/3/2021,GR,3,EPIP,9.6875,NA,NA,NA,13.43624489
136,LTREB,8/3/2021,GR,4,EPIP,15.5625,NA,NA,NA,10.20135084
137,LTREB,8/3/2021,GR,5,EPIP,8.625,NA,NA,NA,54.1942496
138,LTREB,8/3/2021,GC,1,EPIP,24.875,NA,NA,NA,26.40341377
139,LTREB,8/3/2021,GC,2,EPIP,21.375,NA,NA,NA,29.96608812
140,LTREB,8/3/2021,GC,3,EPIP,35.375,0.336139959,0.847072696,2.727895699,2.972529499
141,LTREB,8/3/2021,GC,4,EPIP,36.375,NA,NA,NA,81.31605584
142,LTREB,8/3/2021,BG,1,EPIP,28.375,0.589267962,1.814571185,1.483623426,9.469559538
143,LTREB,8/3/2021,BG,2,EPIP,28.375,1.021865474,2.221446683,6.231492719,14.00166153
144,LTREB,8/3/2021,BG,4,EPIP,19,NA,NA,NA,9.06736077
145,LTREB,8/3/2021,BG,5,EPIP,26,0.619666706,1.543320854,3.585543089,12.08466996
146,LTREB,8/3/2021,BN,2,EPIP,26.5,NA,NA,NA,6.965989126
147,LTREB,8/3/2021,BN,4,EPIP,33.5,NA,NA,NA,5.797742007
148,LTREB,8/3/2021,BN,5,EPIP,23.5,117.9062057,62.22038323,74.5037362,4.549195436
52,LTREB,8/17/2021,WS,1,EPIP,27.625,1.800540996,5.869295974,NA,11.41496224
53,LTREB,8/17/2021,WS,2,EPIP,12.25,NA,NA,NA,10.34024972
54,LTREB,8/17/2021,WS,3,EPIP,33.625,NA,NA,NA,7.889643273
55,LTREB,8/17/2021,WS,4,EPIP,39,NA,NA,NA,10.03082558
56,LTREB,8/17/2021,WS,5,EPIP,26,NA,NA,NA,10.79915384
57,LTREB,8/17/2021,DL,1,EPIP,9.375,NA,NA,NA,11.810029
58,LTREB,8/17/2021,DL,2,EPIP,20.625,NA,NA,NA,32.84391383
59,LTREB,8/17/2021,DL,3,EPIP,21,NA,NA,NA,4.522105479
60,LTREB,8/17/2021,DL,4,EPIP,36.125,NA,NA,NA,15.80886686
61,LTREB,8/17/2021,DL,5,EPIP,37.625,NA,NA,NA,18.08298522
62,LTREB,8/17/2021,GR,1,EPIP,25.75,NA,NA,NA,12.70082912
63,LTREB,8/17/2021,GR,2,EPIP,36.7,NA,NA,NA,19.54078037
64,LTREB,8/17/2021,GR,3,EPIP,11.5,NA,NA,NA,8.61593942
65,LTREB,8/17/2021,GR,4,EPIP,25.25,NA,NA,NA,29.35150735
66,LTREB,8/17/2021,GR,5,EPIP,17.125,NA,NA,NA,32.1846703
67,LTREB,8/17/2021,GC,1,EPIP,22.86,NA,NA,NA,52.00698981
68,LTREB,8/17/2021,GC,2,EPIP,35.8775,NA,NA,NA,46.51592437
69,LTREB,8/17/2021,GC,3,EPIP,37.7825,3.226943603,8.282488581,13.02518084,40.10506307
70,LTREB,8/17/2021,GC,4,EPIP,33.81375,5.313934303,15.31044438,12.88851675,22.26883382
71,LTREB,8/17/2021,GC,5,EPIP,46.355,NA,NA,NA,20.05826053
72,LTREB,8/17/2021,GC,6,EPIP,45.72,3.739045523,6.383736258,5.731112309,26.41335182
73,LTREB,8/17/2021,GC,7,EPIP,47.625,4.714143698,20.28765413,20.92890647,32.40178749
74,LTREB,8/17/2021,BG,1,EPIP,30.95625,25.91492933,131.5681028,11.0038795,19.65980315
75,LTREB,8/17/2021,BG,2,EPIP,31.4325,7.721280998,51.61706746,15.29906077,23.7232968
76,LTREB,8/17/2021,BG,3,EPIP,37.94125,23.10304551,165.6123578,88.83749521,19.40655823
77,LTREB,8/17/2021,BG,4,EPIP,37.94125,19.25877356,146.339554,43.54973717,36.70320977
78,LTREB,8/17/2021,BG,5,EPIP,37.94125,29.00040186,183.9883986,121.029574,NA
79,LTREB,8/17/2021,BG,6,EPIP,41.43375,2.689119669,13.73789396,7.906850716,21.5831083
80,LTREB,8/17/2021,BG,7,EPIP,24.765,12.67978383,92.91493048,4.430776836,30.98473834
81,DRONE,9/9/2021,GC,1,EPIP,18.75,1.818663324,3.352046127,16.54080997,30.72705052
82,DRONE,9/9/2021,GC,2,EPIP,30,1.758450427,3.32983166,7.431752509,55.4337467
83,DRONE,9/9/2021,GC,3,EPIP,34.5,17.70726843,90.66425424,42.71682665,53.66512438
84,DRONE,9/9/2021,GC,4,EPIP,41.75,7.99720806,48.15161063,14.38327165,20.11613506
85,DRONE,9/9/2021,GC,5,EPIP,47.75,2.932309622,9.463362871,14.82391542,9.979206174
86,DRONE,9/9/2021,GC,6,EPIP,20.5,4.054724788,24.48735754,8.245418412,37.77160871
87,DRONE,9/9/2021,GC,7,EPIP,31.25,1.206596304,2.806037916,4.154576806,60.94082994
88,DRONE,9/9/2021,GC,8,EPIP,34.875,32.14316432,151.9679984,56.42446057,36.0561842
89,DRONE,9/9/2021,GC,9,EPIP,37.75,1.799371813,4.230102158,3.596090343,8.65592546
90,DRONE,9/9/2021,GC,10,EPIP,45,4.608917277,12.43776306,12.16207468,7.070572497
91,DRONE,9/9/2021,GC,11,EPIP,22,NA,NA,NA,54.65542193
92,DRONE,9/9/2021,GC,12,EPIP,31.375,1.129430261,4.812355025,1.980188898,38.93751746
93,DRONE,9/9/2021,GC,13,EPIP,35.75,3.32515493,8.867079814,7.54862956,0.318695756
94,DRONE,9/9/2021,GC,14,EPIP,35.75,3.979298489,19.54873081,10.23939422,14.15996883
95,DRONE,9/9/2021,GC,15,EPIP,42.75,4.707128604,15.20171041,10.90335541,5.909866605
96,DRONE,9/9/2021,GC,16,EPIP,23.875,0.748276778,1.711683129,3.192814793,57.38628141
97,DRONE,9/9/2021,GC,17,EPIP,31.75,1.648547275,3.819134522,4.418754028,14.37135702
98,DRONE,9/9/2021,GC,18,EPIP,33.75,2.168833472,3.437396447,15.83458894,16.66283773
99,DRONE,9/9/2021,GC,19,EPIP,44.375,5.787453201,21.51295735,8.962314987,6.894435159
100,DRONE,9/9/2021,GC,20,EPIP,36.25,1.150475545,0.897932133,2.84310736,14.62226358
495,DRONE,9/9/2021,GC,12.1,EPIP,NA,0.683971742,2.864497039,2.266443255,NA
300,LTREB,9/22/2021,DL,1,EPIP,16,NA,NA,NA,22.10807123
301,LTREB,9/22/2021,DL,2,EPIP,13.875,NA,NA,NA,19.3416686
302,LTREB,9/22/2021,DL,3,EPIP,24.25,NA,NA,NA,16.67616641
303,LTREB,9/22/2021,DL,4,EPIP,27.375,NA,NA,NA,22.28567004
304,LTREB,9/22/2021,DL,5,EPIP,22,NA,NA,NA,16.14313613
305,LTREB,9/22/2021,GR,1,EPIP,29.5,NA,NA,NA,43.04111408
306,LTREB,9/22/2021,GR,2,EPIP,31.5,NA,NA,NA,51.14004101
307,LTREB,9/22/2021,GR,3,EPIP,35.375,NA,NA,NA,39.50375253
308,LTREB,9/22/2021,GR,4,EPIP,21.25,NA,NA,NA,2.062554786
309,LTREB,9/22/2021,GR,5,EPIP,11.75,NA,NA,NA,26.34086251
310,LTREB,9/22/2021,BG,1,EPIP,8.75,NA,NA,NA,9.232917007
311,LTREB,9/22/2021,BG,2,EPIP,12.5,NA,NA,NA,41.71415044
312,LTREB,9/22/2021,BG,3,EPIP,26.5,NA,NA,NA,29.96427588
313,LTREB,9/22/2021,BG,4,EPIP,29.25,NA,NA,NA,17.16546928
314,LTREB,9/22/2021,BG,5,EPIP,29,NA,NA,NA,24.59948214
315,LTREB,9/22/2021,BN,1,EPIP,33.25,NA,NA,NA,21.02517443
316,LTREB,9/22/2021,BN,2,EPIP,34.5,NA,NA,NA,23.33501131
317,LTREB,9/22/2021,BN,3,EPIP,34,NA,NA,NA,18.80735221
318,LTREB,9/22/2021,BN,4,EPIP,29.25,NA,NA,NA,34.90477331
319,LTREB,9/22/2021,BN,5,EPIP,30.25,NA,NA,NA,31.22138087
497,LTREB,9/22/2021,NA,2,EPIP,NA,NA,NA,NA,NA
320,LTREB,10/13/2021,DL,1,EPIP,18.5,NA,NA,NA,21.04224449
321,LTREB,10/13/2021,DL,2,EPIP,16,NA,NA,NA,16.23538463
322,LTREB,10/13/2021,DL,3,EPIP,12.5,NA,NA,NA,12.67838081
323,LTREB,10/13/2021,DL,4,EPIP,21,NA,NA,NA,13.51574929
324,LTREB,10/13/2021,DL,5,EPIP,17.75,NA,NA,NA,13.29769676
325,LTREB,10/13/2021,GR,1,EPIP,30.25,NA,NA,NA,59.71248685
326,LTREB,10/13/2021,GR,2,EPIP,33.5,2.345380025,9.321891792,24.85285501,95.3140929
327,LTREB,10/13/2021,GR,3,EPIP,36.5,NA,NA,NA,29.39324717
328,LTREB,10/13/2021,GR,4,EPIP,34.5,21.70470328,-14.15178455,19.94406466,25.87389103
329,LTREB,10/13/2021,GR,5,EPIP,27.25,NA,NA,NA,24.07580532
330,LTREB,10/13/2021,GC,1,EPIP,18.75,NA,NA,NA,27.53050566
331,LTREB,10/13/2021,GC,2,EPIP,32.25,NA,NA,NA,28.88991412
332,LTREB,10/13/2021,GC,3,EPIP,45,2.700811494,11.0283136,5.327432924,7.014276362
333,LTREB,10/13/2021,GC,4,EPIP,37,NA,NA,NA,3.416818835
334,LTREB,10/13/2021,GC,5,EPIP,58,NA,NA,NA,26.81870738
335,LTREB,10/13/2021,BN,1,EPIP,29.75,1.525783117,11.20602933,2.925227153,25.93597462
336,LTREB,10/13/2021,BN,2,EPIP,35.25,1.122415166,2.562847963,3.985436229,2.187563775
337,LTREB,10/13/2021,BN,3,EPIP,38.5,NA,NA,NA,25.64134064
338,LTREB,10/13/2021,BN,4,EPIP,36,NA,NA,NA,38.23402038
339,LTREB,10/13/2021,BN,5,EPIP,40,0.473518898,0.631358531,1.429039523,37.53356316
26,LTREB,6/22/2021,WS,1,FILA,25.25,NA,NA,NA,
27,LTREB,6/22/2021,WS,3,FILA,29.25,NA,NA,NA,
28,LTREB,6/22/2021,GC,1,FILA,13.875,4.946957858,7.885988876,4.097101234,
29,LTREB,6/22/2021,BG,1,FILA,14.25,3.497570371,8.588970278,8.897470701,
30,LTREB,6/22/2021,BG,2,FILA,11.1875,90.82932705,592.132005,217.2102673,
31,LTREB,6/22/2021,BG,3,FILA,15.25,66.06515805,327.6110743,272.2640843,
32,LTREB,6/22/2021,BG,4,FILA,17.0625,108.8582718,212.3715336,354.0446557,
33,LTREB,6/22/2021,BN,1,FILA,15,96.51168119,1392.141814,258.9741308,
34,LTREB,6/22/2021,BN,5,FILA,12.6875,61.66418643,128.583681,129.6831108,
254,LTREB,6/22/2021,WS,2,FILA,32.75,NA,NA,NA,
255,LTREB,6/22/2021,WS,4,FILA,32.625,NA,NA,NA,
256,LTREB,6/22/2021,WS,5,FILA,14.5,NA,NA,NA,
257,LTREB,6/22/2021,DL,1,FILA,14.625,NA,NA,NA,
258,LTREB,6/22/2021,DL,2,FILA,17,NA,NA,NA,
259,LTREB,6/22/2021,DL,3,FILA,24.375,NA,NA,NA,
260,LTREB,6/22/2021,DL,4,FILA,16.75,NA,NA,NA,
261,LTREB,6/22/2021,DL,5,FILA,17,NA,NA,NA,
262,LTREB,6/22/2021,GR,1,FILA,22.25,NA,NA,NA,
263,LTREB,6/22/2021,GR,2,FILA,33,NA,NA,NA,
264,LTREB,6/22/2021,GR,3,FILA,31.5,NA,NA,NA,
265,LTREB,6/22/2021,GR,4,FILA,18.25,NA,NA,NA,
266,LTREB,6/22/2021,GR,5,FILA,36.25,NA,NA,NA,
267,LTREB,6/22/2021,GC,2,FILA,9.8125,NA,NA,NA,
268,LTREB,6/22/2021,GC,3,FILA,14.8125,NA,NA,NA,
269,LTREB,6/22/2021,GC,4,FILA,9,NA,NA,NA,
270,LTREB,6/22/2021,GC,5,FILA,14.25,NA,NA,NA,
271,LTREB,6/22/2021,BG,5,FILA,7,42.99929332,50.79899948,48.03234666,
272,LTREB,6/22/2021,BN,2,FILA,9.4375,10.38662729,18.75394655,15.75106768,
273,LTREB,6/22/2021,BN,3,FILA,13.5,94.66059785,730.855673,147.5972312,
274,LTREB,6/22/2021,BN,4,FILA,12.875,44.65797036,67.51684134,185.009249,
35,LTREB,7/7/2021,WS,1,FILA,30.75,NA,NA,NA,
36,LTREB,7/7/2021,WS,4,FILA,33.25,NA,NA,NA,
37,LTREB,7/7/2021,BG,3,FILA,7,160.63406,540.1592459,462.7513975,
38,LTREB,7/7/2021,BN,2,FILA,15.875,157.3868585,260.835054,280.1884283,
39,LTREB,7/7/2021,BN,3,FILA,6.8125,83.19023195,185.8940725,137.0269804,
275,LTREB,7/7/2021,WS,2,FILA,27.75,NA,NA,NA,
276,LTREB,7/7/2021,WS,3,FILA,37.125,NA,NA,NA,
277,LTREB,7/7/2021,WS,5,FILA,36.75,NA,NA,NA,
278,LTREB,7/7/2021,DL,1,FILA,8.5,NA,NA,NA,
279,LTREB,7/7/2021,DL,2,FILA,31.5,NA,NA,NA,
280,LTREB,7/7/2021,DL,3,FILA,29.5,NA,NA,NA,
281,LTREB,7/7/2021,DL,4,FILA,11,NA,NA,NA,
282,LTREB,7/7/2021,DL,5,FILA,16.5,NA,NA,NA,
283,LTREB,7/7/2021,GR,1,FILA,12.125,NA,NA,NA,
284,LTREB,7/7/2021,GR,2,FILA,22.75,NA,NA,NA,
285,LTREB,7/7/2021,GR,3,FILA,23.25,NA,NA,NA,
286,LTREB,7/7/2021,GR,4,FILA,28.75,NA,NA,NA,
287,LTREB,7/7/2021,GR,5,FILA,37.25,NA,NA,NA,
288,LTREB,7/7/2021,GC,1,FILA,6.625,NA,NA,NA,
289,LTREB,7/7/2021,GC,2,FILA,14.625,38.86826223,96.76895222,54.61307875,
290,LTREB,7/7/2021,GC,3,FILA,13.8125,110.2771622,468.2192499,93.20031836,
291,LTREB,7/7/2021,GC,4,FILA,14,107.645254,345.20886,121.4116306,
292,LTREB,7/7/2021,GC,5,FILA,9.625,NA,NA,NA,
293,LTREB,7/7/2021,BG,1,FILA,13.5,6.173283415,25.56125164,28.6828149,
294,LTREB,7/7/2021,BG,2,FILA,14.625,102.3581151,466.3128983,166.5926269,
295,LTREB,7/7/2021,BG,4,FILA,15.125,104.7507532,415.061862,175.9297445,
296,LTREB,7/7/2021,BG,5,FILA,7.5,31.4272434,94.43512186,64.16332069,
297,LTREB,7/7/2021,BN,1,FILA,15,169.0761329,336.7925737,272.6115471,
298,LTREB,7/7/2021,BN,4,FILA,11.25,59.19724939,122.3635012,94.30473248,
299,LTREB,7/7/2021,BN,5,FILA,8.1875,47.22753133,287.7368675,53.09586084,
40,LTREB,7/20/2021,WS,1,FILA,30.5,2.287930071,16.65482209,15.57968698,
41,LTREB,7/20/2021,BN,2,FILA,10.75,12.88657694,55.2545398,64.05811277,
42,LTREB,7/20/2021,BG,2,FILA,18.5,112.824946,539.1071771,260.1459502,
43,LTREB,7/20/2021,BG,3,FILA,27.25,119.1886731,480.3264385,538.7320545,
44,LTREB,7/20/2021,BG,4,FILA,27.75,95.40011032,546.8192656,344.8786899,
45,LTREB,7/20/2021,BG,5,FILA,32.75,88.8752175,396.7514562,184.432485,
46,LTREB,7/20/2021,BN,1,FILA,22.5,87.91411786,450.4120164,400.3814433,
101,LTREB,7/20/2021,WS,2,FILA,16.5,NA,NA,NA,
102,LTREB,7/20/2021,WS,3,FILA,27,10.01726375,80.80564413,102.9718838,
103,LTREB,7/20/2021,WS,4,FILA,25.875,NA,NA,NA,
104,LTREB,7/20/2021,WS,5,FILA,33.125,NA,NA,NA,
105,LTREB,7/20/2021,DL,1,FILA,34.25,NA,NA,NA,
106,LTREB,7/20/2021,DL,2,FILA,20.375,NA,NA,NA,
107,LTREB,7/20/2021,DL,3,FILA,6.375,NA,NA,NA,
108,LTREB,7/20/2021,DL,4,FILA,26.25,NA,NA,NA,
109,LTREB,7/20/2021,DL,5,FILA,35.125,NA,NA,NA,
110,LTREB,7/20/2021,GR,1,FILA,37.5,NA,NA,NA,
111,LTREB,7/20/2021,GR,2,FILA,32.75,NA,NA,NA,
112,LTREB,7/20/2021,GR,3,FILA,34.75,NA,NA,NA,
113,LTREB,7/20/2021,GR,4,FILA,36,NA,NA,NA,
114,LTREB,7/20/2021,GR,5,FILA,33,NA,NA,NA,
115,LTREB,7/20/2021,GC,1,FILA,26.25,NA,NA,NA,
116,LTREB,7/20/2021,GC,2,FILA,33.5,NA,NA,NA,
117,LTREB,7/20/2021,GC,3,FILA,38.25,56.68443419,572.3752224,196.4190462,
118,LTREB,7/20/2021,GC,4,FILA,32.5,10.78574445,71.05440722,23.90671549,
119,LTREB,7/20/2021,GC,5,FILA,26.25,114.288766,658.9832747,458.2429817,
120,LTREB,7/20/2021,BG,1,FILA,12,101.1590089,259.5678597,406.7581482,
121,LTREB,7/20/2021,BN,3,FILA,11.75,215.7216195,1290.13901,469.766864,
122,LTREB,7/20/2021,BN,4,FILA,26,102.1936399,372.0203526,320.5124018,
123,LTREB,7/20/2021,BN,5,FILA,33.75,107.9437718,334.3320113,332.232485,
47,LTREB,8/3/2021,BN,1,FILA,24.125,16.56674854,71.95929676,32.18597777,
48,LTREB,8/3/2021,BN,3,FILA,33,17.23238431,28.35844417,73.40218508,
49,LTREB,8/3/2021,GR,1,FILA,15.9375,NA,NA,NA,
50,LTREB,8/3/2021,GC,5,FILA,27.625,NA,NA,NA,
51,LTREB,8/3/2021,BG,3,FILA,18.5,NA,NA,NA,
124,LTREB,8/3/2021,WS,1,FILA,14.6875,26.44682596,65.76686858,46.53251057,
125,LTREB,8/3/2021,WS,2,FILA,8.6875,2.989512518,38.39945272,14.64169396,
126,LTREB,8/3/2021,WS,3,FILA,16.6875,12.11054611,107.7673145,43.27704085,
127,LTREB,8/3/2021,WS,4,FILA,11,NA,NA,NA,
128,LTREB,8/3/2021,WS,5,FILA,16.125,NA,NA,NA,
129,LTREB,8/3/2021,DL,1,FILA,3.4375,NA,NA,NA,
130,LTREB,8/3/2021,DL,2,FILA,5.75,NA,NA,NA,
131,LTREB,8/3/2021,DL,3,FILA,3.6875,NA,NA,NA,
132,LTREB,8/3/2021,DL,4,FILA,3.4375,NA,NA,NA,
133,LTREB,8/3/2021,DL,5,FILA,8.625,NA,NA,NA,
134,LTREB,8/3/2021,GR,2,FILA,15.25,1.806452892,7.277733569,3.52313932,
135,LTREB,8/3/2021,GR,3,FILA,9.6875,NA,NA,NA,
136,LTREB,8/3/2021,GR,4,FILA,15.5625,NA,NA,NA,
137,LTREB,8/3/2021,GR,5,FILA,8.625,NA,NA,NA,
138,LTREB,8/3/2021,GC,1,FILA,24.875,NA,NA,NA,
139,LTREB,8/3/2021,GC,2,FILA,21.375,1.740904709,4.148004001,5.259304585,
140,LTREB,8/3/2021,GC,3,FILA,35.375,36.86438975,155.9090739,127.7606373,
141,LTREB,8/3/2021,GC,4,FILA,36.375,NA,NA,NA,
142,LTREB,8/3/2021,BG,1,FILA,28.375,3.835822431,14.68168469,22.0301043,
143,LTREB,8/3/2021,BG,2,FILA,28.375,16.56012407,10.18511487,27.35758194,
144,LTREB,8/3/2021,BG,4,FILA,19,7.349936418,16.34985856,35.21458789,
145,LTREB,8/3/2021,BG,5,FILA,26,NA,NA,NA,
146,LTREB,8/3/2021,BN,2,FILA,26.5,0.708799594,0.691697191,7.095221494,
147,LTREB,8/3/2021,BN,4,FILA,33.5,NA,NA,NA,
148,LTREB,8/3/2021,BN,5,FILA,23.5,79.8764774,281.1821137,542.2245596,
52,LTREB,8/17/2021,WS,1,FILA,27.625,NA,NA,NA,
53,LTREB,8/17/2021,WS,2,FILA,12.25,NA,NA,NA,
54,LTREB,8/17/2021,WS,3,FILA,33.625,NA,NA,NA,
55,LTREB,8/17/2021,WS,4,FILA,39,NA,NA,NA,
56,LTREB,8/17/2021,WS,5,FILA,26,15.33371077,91.0500342,135.489002,
57,LTREB,8/17/2021,DL,1,FILA,9.375,NA,NA,NA,
58,LTREB,8/17/2021,DL,2,FILA,20.625,NA,NA,NA,
59,LTREB,8/17/2021,DL,3,FILA,21,NA,NA,NA,
60,LTREB,8/17/2021,DL,4,FILA,36.125,NA,NA,NA,
61,LTREB,8/17/2021,DL,5,FILA,37.625,NA,NA,NA,
62,LTREB,8/17/2021,GR,1,FILA,25.75,NA,NA,NA,
63,LTREB,8/17/2021,GR,2,FILA,36.7,NA,NA,NA,
64,LTREB,8/17/2021,GR,3,FILA,11.5,NA,NA,NA,
65,LTREB,8/17/2021,GR,4,FILA,25.25,NA,NA,NA,
66,LTREB,8/17/2021,GR,5,FILA,17.125,NA,NA,NA,
67,LTREB,8/17/2021,GC,1,FILA,22.86,NA,NA,NA,
68,LTREB,8/17/2021,GC,2,FILA,35.8775,23.8700292,46.7672986,49.76307763,
69,LTREB,8/17/2021,GC,3,FILA,37.7825,100.3361917,377.3742898,184.4008887,
70,LTREB,8/17/2021,GC,4,FILA,33.81375,75.2285633,518.1931752,169.0877763,
71,LTREB,8/17/2021,GC,5,FILA,46.355,98.86958211,308.0863508,248.181039,
72,LTREB,8/17/2021,GC,6,FILA,45.72,107.6248161,760.9707586,176.5375413,
73,LTREB,8/17/2021,GC,7,FILA,47.625,108.811184,318.9116476,329.0551103,
74,LTREB,8/17/2021,BG,1,FILA,30.95625,64.54347564,360.5794958,205.7980385,
75,LTREB,8/17/2021,BG,2,FILA,31.4325,9.222266324,42.80729132,37.95232922,
76,LTREB,8/17/2021,BG,3,FILA,37.94125,109.2928766,238.619216,203.9654677,
77,LTREB,8/17/2021,BG,4,FILA,37.94125,49.54304655,178.166591,211.0186902,
78,LTREB,8/17/2021,BG,5,FILA,37.94125,103.7676628,148.7451606,256.1166429,
79,LTREB,8/17/2021,BG,6,FILA,41.43375,24.26621557,46.95370804,82.56330584,
80,LTREB,8/17/2021,BG,7,FILA,24.765,28.14274634,67.37053949,87.53125164,
81,DRONE,9/9/2021,GC,1,FILA,18.75,40.8181783,148.6884564,233.8427468,
82,DRONE,9/9/2021,GC,2,FILA,30,10.6019777,44.43427812,28.46897043,
83,DRONE,9/9/2021,GC,3,FILA,34.5,80.13191726,593.4841897,287.4529858,
84,DRONE,9/9/2021,GC,4,FILA,41.75,130.6292705,1443.260101,373.5055518,
85,DRONE,9/9/2021,GC,5,FILA,47.75,63.15682085,435.1140591,180.5501335,
86,DRONE,9/9/2021,GC,6,FILA,20.5,64.13313485,263.0141433,302.325793,
87,DRONE,9/9/2021,GC,7,FILA,31.25,12.03408959,111.0252212,52.63410387,
88,DRONE,9/9/2021,GC,8,FILA,34.875,212.6810384,460.6407227,359.3093416,
89,DRONE,9/9/2021,GC,9,FILA,37.75,99.27333899,675.9022745,87.98016796,
90,DRONE,9/9/2021,GC,10,FILA,45,63.80790698,1486.569615,134.7090062,
91,DRONE,9/9/2021,GC,11,FILA,22,24.36987933,170.4892787,95.61667113,
92,DRONE,9/9/2021,GC,12,FILA,31.375,25.7416153,219.3851762,199.0617197,
93,DRONE,9/9/2021,GC,13,FILA,35.75,104.3553902,260.0067069,232.9633659,
94,DRONE,9/9/2021,GC,14,FILA,35.75,103.4199357,1013.955817,420.4354998,
95,DRONE,9/9/2021,GC,15,FILA,42.75,72.31873961,1658.981012,265.4775351,
96,DRONE,9/9/2021,GC,16,FILA,23.875,13.6307145,106.9752885,21.043517,
97,DRONE,9/9/2021,GC,17,FILA,31.75,41.29186204,230.0080854,121.7001381,
98,DRONE,9/9/2021,GC,18,FILA,33.75,112.7875099,1745.074049,340.6974641,
99,DRONE,9/9/2021,GC,19,FILA,44.375,106.5276181,2085.907897,428.6097957,
100,DRONE,9/9/2021,GC,20,FILA,36.25,71.83526096,202.2129028,81.50127111,
495,DRONE,9/9/2021,GC,12.1,FILA,NA,4.490938535,31.41515519,17.67265879,
300,LTREB,9/22/2021,DL,1,FILA,16,NA,NA,NA,
301,LTREB,9/22/2021,DL,2,FILA,13.875,NA,NA,NA,
302,LTREB,9/22/2021,DL,3,FILA,24.25,NA,NA,NA,
303,LTREB,9/22/2021,DL,4,FILA,27.375,NA,NA,NA,
304,LTREB,9/22/2021,DL,5,FILA,22,NA,NA,NA,
305,LTREB,9/22/2021,GR,1,FILA,29.5,NA,NA,NA,
306,LTREB,9/22/2021,GR,2,FILA,31.5,9.587124273,21.52980734,46.41121752,
307,LTREB,9/22/2021,GR,3,FILA,35.375,0.588523661,4.352441436,6.185681166,
308,LTREB,9/22/2021,GR,4,FILA,21.25,NA,NA,NA,
309,LTREB,9/22/2021,GR,5,FILA,11.75,2.335766746,6.962091851,11.2255098,
310,LTREB,9/22/2021,BG,1,FILA,8.75,NA,NA,NA,
311,LTREB,9/22/2021,BG,2,FILA,12.5,NA,NA,NA,
312,LTREB,9/22/2021,BG,3,FILA,26.5,8.69186686,36.88151375,47.27273719,
313,LTREB,9/22/2021,BG,4,FILA,29.25,NA,NA,NA,
314,LTREB,9/22/2021,BG,5,FILA,29,NA,NA,NA,
315,LTREB,9/22/2021,BN,1,FILA,33.25,4.58192352,37.25458392,24.97491816,
316,LTREB,9/22/2021,BN,2,FILA,34.5,5.544579244,33.95002523,22.47408538,
317,LTREB,9/22/2021,BN,3,FILA,34,5.749970587,68.2060931,28.71591393,
318,LTREB,9/22/2021,BN,4,FILA,29.25,0.754780355,70.11258409,63.96658721,
319,LTREB,9/22/2021,BN,5,FILA,30.25,20.65065452,76.71712277,NA,
497,LTREB,9/22/2021,NA,2,FILA,NA,NA,NA,NA,
320,LTREB,10/13/2021,DL,1,FILA,18.5,NA,NA,NA,
321,LTREB,10/13/2021,DL,2,FILA,16,NA,NA,NA,
322,LTREB,10/13/2021,DL,3,FILA,12.5,NA,NA,NA,
323,LTREB,10/13/2021,DL,4,FILA,21,NA,NA,NA,
324,LTREB,10/13/2021,DL,5,FILA,17.75,NA,NA,NA,
325,LTREB,10/13/2021,GR,1,FILA,30.25,NA,NA,NA,
326,LTREB,10/13/2021,GR,2,FILA,33.5,18.17850514,28.73189569,76.3340827,
327,LTREB,10/13/2021,GR,3,FILA,36.5,NA,NA,NA,
328,LTREB,10/13/2021,GR,4,FILA,34.5,20.79396861,129.7961789,132.5932678,
329,LTREB,10/13/2021,GR,5,FILA,27.25,NA,NA,NA,
330,LTREB,10/13/2021,GC,1,FILA,18.75,NA,NA,NA,
331,LTREB,10/13/2021,GC,2,FILA,32.25,NA,NA,NA,
332,LTREB,10/13/2021,GC,3,FILA,45,31.0008533,292.3303604,103.1483947,
333,LTREB,10/13/2021,GC,4,FILA,37,5.394507654,14.92067444,17.16958954,
334,LTREB,10/13/2021,GC,5,FILA,58,6.39723884,4.094452694,15.93032965,
335,LTREB,10/13/2021,BN,1,FILA,29.75,2.951472808,44.97320826,26.06435105,
336,LTREB,10/13/2021,BN,2,FILA,35.25,NA,NA,NA,
337,LTREB,10/13/2021,BN,3,FILA,38.5,NA,NA,NA,
338,LTREB,10/13/2021,BN,4,FILA,36,20.1395211,39.88032036,89.21363252,
339,LTREB,10/13/2021,BN,5,FILA,40,3.53887016,3.933416536,9.961944578,
