Sample ID,Date,Time,Remarks,Run,Al 396.153,Al_r 396.153,As 188.979,B 249.677,B_r 249.677,Ba 233.527,Be 313.107,Ca_r 317.933,Cd 288.802,Co 228.616,Cr 267.716,Cu 327.393,Fe 238.204,Fe_r 238.204,Fe_r 234.349,K_r 766.490,Li_r 670.784,Mg_r 285.213,Mn 257.610,Mn_r 260.568,Mo 202.031,Na_r 589.592,Ni 231.604,P 178.221,Pb 220.353,S 180.669,S 181.975,S_r 181.975,Sb 206.836,Se 196.026,Si 251.611,Si_r 251.611,Si_r 212.412,Sn 189.927,Sr_r 407.771,Ti 334.940,Tl 190.801,Zn 206.200,Zn_r 206.200
,,, ,,mg/L,mg/L,mg/L,mg/L,mg/L,mg/L,mg/L,mg/L,mg/L,mg/L,mg/L,mg/L,mg/L,mg/L,mg/L,mg/L,mg/L,mg/L,mg/L,mg/L,mg/L,mg/L,mg/L,mg/L,mg/L,mg/L,mg/L,mg/L,mg/L,mg/L,mg/L,mg/L,mg/L,mg/L,mg/L,mg/L,mg/L,mg/L,mg/L
Lblank,12/2/2021,0:12:19, ,1,0,-0.001,0.002,-0.001,-0.002,0,0,-0.003,0,0,0,0,0.001,0,0.001,-0.005,0,-0.001,0,0,0,-0.002,0,-0.011,-0.001,-0.002,-0.001,-0.008,0.001,0,0.003,0.005,0.006,0,0,0,0,0,0
CCV,12/2/2021,0:14:54, ,2,1.939,1.939,2.036,0.203,0.202,0.2,0.204,2.004,0.342,0.384,0.99,0.392,2.004,1.984,1.988,4.02,1.014,1.99,0.395,0.404,2.018,2.05,0.386,2.067,1.953,0.026,-0.005,-0.009,1.047,1.014,2.054,2.078,2.068,0.788,0.195,2.053,0.996,0.957,0.976
CV,12/2/2021,0:19:37, ,3,2.015,1.949,2.018,1.974,1.989,2.039,2.058,1.974,1.765,1.997,1.928,1.961,2.016,1.985,1.961,2.089,1.955,1.901,1.992,2.004,2.108,2.25,1.99,2.1,1.993,0.064,0.032,0.064,2.086,2,8.737,8.665,8.906,1.848,1.684,2.042,1.949,1.926,1.927
S IPC,12/2/2021,0:22:09, ,4,0.001,0.002,0.003,0.002,0.002,0.001,0.001,-0.004,0.001,0.001,0.001,0.001,0.002,0.002,0.001,0.003,0.002,0.002,0.001,0.002,0.003,0.002,-0.001,-0.007,-0.009,26.06,26.06,26.38,0.002,0.001,0.015,0.02,0.017,0,0.002,0.002,0,0.001,0.002
Lblank,12/2/2021,0:35:47, ,5,0,0,0,-0.001,-0.002,0,0,-0.004,0,0,0,0,0.001,0,0,-0.003,0,0,0,0,0,-0.002,0,0,0,0.007,0.002,0.019,0,0.002,0.003,0.005,0.006,-0.001,0,0,0,0,0
CCV,12/2/2021,0:38:21, ,6,2,1.916,2.019,0.202,0.204,0.198,0.201,1.977,0.34,0.381,0.981,0.389,1.991,1.961,1.956,3.954,0.999,1.965,0.392,0.403,2.003,2.019,0.386,1.979,1.944,0.023,0.001,0.016,1.038,1.004,2.03,2.069,2.077,0.778,0.193,2.047,0.988,0.951,0.973
CV,12/2/2021,0:43:03, ,7,2.078,1.983,2.003,1.988,2.024,2.039,2.055,1.987,1.752,1.993,1.929,1.98,2.022,2.008,1.986,2.118,2.021,1.93,1.982,2.029,2.097,2.303,1.985,1.985,1.97,0.067,0.025,0.046,2.061,1.979,8.489,8.778,8.948,1.834,1.741,2.039,1.931,1.958,1.94
S IPC,12/2/2021,0:45:35, ,8,0.002,0.002,0.002,0.002,0.003,0.002,0.002,-0.003,0.001,0.001,0.001,0.002,0.002,0.002,0.002,0.005,0.003,0.002,0.002,0.002,0.003,0.003,-0.001,-0.017,-0.008,25.94,25.84,26.27,0.002,0,0.015,0.021,0.017,0.002,0.002,0.002,0.002,0.001,0.003
LFB,12/2/2021,0:48:10, ,9,29.31,30.84,0.511,0.038,0.021,-0.003,-0.031,31.29,0.086,0.09,0.18,4.918,28.04,30.55,30.55,0.016,0.002,15.38,4.851,5.189,0.002,0.001,0.178,5.008,0.974,13.57,13.28,13.68,-0.002,0.101,0.005,0.005,-0.003,0,0,0,-0.005,4.513,4.789
1,12/2/2021,0:50:39, ,10,47.17,56.18,0.029,27.43,32.14,33.68,-0.155,164.1,0.005,0.046,0.043,0.918,31.26,36.14,36.16,34.91,0.046,15.3,6.752,7.669,0.004,71.15,0.024,2.858,0.135,6.75,6.682,7.844,-0.002,0,7.605,8.577,8.814,0.006,0.873,1.362,-0.012,27.26,31.93
2,12/2/2021,0:53:12, ,11,63.74,80.15,0.08,24.41,29.05,29.67,-0.221,234.7,0.01,0.051,0.063,1.721,50.69,63.57,64.26,36.05,0.074,25.09,7.382,8.456,0.005,67.07,0.04,3.762,0.237,11.4,11.44,13.89,-0.005,0.006,6.607,7.727,7.766,0.012,1,2.301,-0.011,24.32,29.5
3,12/2/2021,0:55:50, ,12,51.67,63.05,0.091,0.585,0.687,1.365,-0.721,743.9,0.014,0.032,0.055,1.669,55.68,70.43,71.11,96.37,0.099,35.28,19.47,24.89,0.011,3.18,0.034,9.628,0.225,73.48,75.01,92.25,0,0.032,6.56,7.549,7.516,0.042,1.588,2.511,-0.034,2.937,3.319
4,12/2/2021,0:58:14, ,13,78.38,101.1,0.132,0.31,0.376,1.923,-1.03,1063,0.015,0.045,0.081,2.053,78.46,112.6,114.8,78.91,0.158,52.07,24.17,33.62,0.017,4.041,0.052,15.88,0.3,58.9,61.27,76.75,0,0.041,5.352,6.174,6.132,0.064,2.308,3.484,-0.046,3.617,4.313
5,12/2/2021,1:00:42, ,14,98.67,133.3,0.163,0.16,0.214,2.428,-1.332,1372,0.022,0.052,0.099,3.091,84.25,124.3,127.3,69.48,0.169,60.17,27.37,39.58,0.02,4.493,0.065,15.3,0.402,53.86,55.43,70.84,-0.001,0.031,7.479,8.824,8.784,0.081,2.951,3.782,-0.055,4.819,5.841
6,12/2/2021,1:03:10, ,15,71.19,90.88,0.105,0.232,0.274,1.947,-1.207,1241,0.016,0.038,0.073,2.145,71.84,99.4,101.1,60.5,0.15,52.21,22.6,31.22,0.017,3.398,0.05,11.78,0.314,50.13,51.56,64.68,0.001,0.035,5.238,6.213,6.18,0.074,2.645,3.158,-0.045,3.749,4.357
7,12/2/2021,1:05:35, ,16,53.98,64.84,0.127,0.777,0.88,1.357,-0.557,575.3,0.015,0.028,0.054,1.903,52.91,66.41,67.09,146.6,0.084,33.89,23.18,30.71,0.011,3.491,0.023,13.85,0.249,108.2,111.6,138.6,0.003,0.036,5.887,6.899,6.845,0.033,1.33,2.048,-0.038,3.151,3.564
8,12/2/2021,1:07:56, ,17,0.081,0.111,-0.001,0.01,0.011,0.002,-0.001,1.259,0.001,-0.001,-0.001,0.005,0.104,0.124,0.123,0.236,-0.001,0.058,0.046,0.051,0,0.017,-0.003,0.034,0.002,0.152,0.145,0.223,0.002,0.007,0.021,0.029,0.028,-0.002,0.003,0.004,-0.003,0.006,0.008
9,12/2/2021,1:10:16, ,18,88.88,115.3,0.163,0.345,0.419,2.173,-1.162,1198,0.02,0.044,0.092,2.715,79.62,113.5,115.8,90.2,0.155,55.99,26.38,37.09,0.018,4.008,0.06,14.02,0.39,70.28,72.96,91.8,0,0.038,7.602,8.885,8.863,0.07,2.545,3.661,-0.049,4.394,5.157
10,12/2/2021,1:12:45, ,19,80.97,102.9,0.202,0.442,0.512,1.851,-0.713,740.4,0.018,0.046,0.092,2.826,84.02,117.4,120.1,94.84,0.131,48.06,17.5,22.05,0.015,4.107,0.059,15.38,0.355,79.84,81.48,101.8,-0.002,0.021,7.519,8.757,8.734,0.044,1.704,3.538,-0.028,4.419,5.115
10 dup,12/2/2021,1:15:16, ,20,81.06,103.5,0.197,0.446,0.507,1.843,-0.707,735,0.018,0.046,0.092,2.784,82.78,117.1,119.9,95.76,0.131,48.23,17.31,22.03,0.015,4.155,0.06,14.75,0.352,77.69,80.11,100.7,-0.002,0.021,8.045,9.385,9.391,0.044,1.734,3.525,-0.031,4.413,5.05
1 spike,12/2/2021,1:17:43, ,21,68.6,84.71,0.463,26.71,31.54,32.24,-0.181,189.4,0.078,0.118,0.201,5.624,50.14,62.15,62.52,33.6,0.045,29.22,10.38,12.17,0.004,70.64,0.167,7.041,0.847,17.88,17.86,21.94,-0.005,0.082,6.707,7.791,7.812,0.008,0.863,1.313,-0.016,28.9,35.38
Lblank,12/2/2021,1:20:22, ,22,0.105,0.131,0,0.064,0.08,0.038,0,0.498,0,0,0,0.006,0.1,0.122,0.123,0.099,0,0.05,0.019,0.023,0,0.106,0,0.013,0.001,0.063,0.069,0.094,-0.001,-0.001,0.015,0.018,0.017,-0.001,0.002,0.002,-0.003,0.038,0.05
CV,12/2/2021,1:22:55, ,23,2.068,2.036,2.032,2.04,2.089,2.074,2.044,2.091,1.782,2.014,1.948,2.008,2.058,2.051,2.033,2.226,2.061,1.967,2.028,2.069,2.126,2.37,2.012,2.102,2.001,0.107,0.071,0.107,2.047,2.013,8.788,8.935,9.076,1.871,1.758,2.072,1.947,1.98,1.987
S IPC,12/2/2021,1:25:28, ,24,0.01,0.009,-0.001,0.015,0.018,0.004,0.001,0.059,0.001,0.001,0,0.002,0.011,0.011,0.01,0.024,0.002,0.005,0.003,0.004,0.002,0.013,-0.001,-0.017,-0.008,25.93,26.04,26.51,0.001,0,0.015,0.019,0.015,0.001,0.002,0.001,0,0.004,0.005
11,12/2/2021,1:28:03, ,25,29.85,35.45,-0.01,32.4,38.87,39.56,-0.1,103,0.001,0.041,0.024,0.417,8.153,9.017,8.973,33.99,0.02,5.261,3.735,4.133,0.004,83.41,0.01,1.11,0.046,3.443,3.383,4.015,0.001,0.002,4.777,5.437,5.516,0.001,0.771,0.359,-0.009,31.28,37.4
12,12/2/2021,1:30:39, ,26,25.55,29.32,-0.01,29.09,33.88,35.71,-0.089,92.29,0.001,0.038,0.02,0.4,7.673,8.51,8.479,32.36,0.018,4.965,2.71,3,0.004,73.69,0.008,0.873,0.044,3.806,3.775,4.465,0,0.002,3.8,4.416,4.426,0.001,0.669,0.326,-0.009,28.06,33.34
13,12/2/2021,1:33:10, ,27,127,175.8,0.585,22.52,26.37,26.45,-1.483,1534,0.041,0.082,0.123,7.975,99.86,156.1,161.4,63.81,0.214,62.53,32.15,48.8,0.032,67.46,0.084,11.64,0.823,40.05,40.66,49.46,-0.006,0.029,6.869,7.884,7.8,0.098,2.672,5.901,-0.064,24.28,30.22
14,12/2/2021,1:35:39, ,28,37.45,44.71,0.064,26.27,30.46,31.21,-0.302,311.6,0.006,0.041,0.032,1.338,25.12,29.4,29.32,33.62,0.043,12.22,8.118,9.416,0.007,68.69,0.02,1.889,0.161,8.02,7.982,9.38,0.001,0.008,5.037,5.676,5.859,0.016,0.884,1.191,-0.015,24.88,29.81
15,12/2/2021,1:38:16, ,29,,302.2,0.306,-0.148,-0.041,0.924,-0.049,111,0.005,0.102,0.375,0.386,161.4,303.2,323.6,21.24,0.45,109.6,5.882,6.712,0.093,6.665,0.337,10.35,0.413,4.69,4.892,5.848,-0.041,-0.071,11.45,13.21,13.23,0.022,1.099,11.99,-0.007,1.539,1.731
16,12/2/2021,1:40:56, ,30,58.89,73.13,0.173,23.79,27.95,28.31,-0.602,622.8,0.014,0.05,0.056,2.902,48.46,60.46,60.98,36.99,0.083,23.77,13.26,16.05,0.016,65.23,0.035,3.613,0.336,14.67,14.69,17.62,-0.001,0.013,6.282,7.349,7.37,0.037,1.248,2.401,-0.027,23.52,27.86
17,12/2/2021,1:43:36, ,31,28.17,34.23,-0.026,28.95,33.96,33.78,-0.365,373.8,0.004,0.04,0.023,0.405,11.57,13.02,12.9,33.33,0.031,9.617,4.513,5.078,0.005,74.46,0.013,3.255,0.056,6.401,6.321,7.402,0.004,0.007,4.715,5.293,5.423,0.016,1.158,0.51,-0.01,26.69,31.86
18,12/2/2021,1:46:09, ,32,31,35.94,-0.049,35.64,42.01,42.35,-0.144,146.4,0,0.042,0.019,0.082,2.801,3.089,3.063,36.5,0.017,4.789,1.496,1.646,0.002,89.68,0.008,1.046,0.015,2.417,2.403,2.686,0.004,0.001,3.047,3.537,3.564,0.005,0.93,0.102,-0.006,33.46,40.14
19,12/2/2021,1:48:42, ,33,27.03,31.44,-0.03,31.37,36.95,38.56,-0.081,83.31,0,0.041,0.02,0.156,5.871,6.488,6.476,33.39,0.017,4.711,1.767,1.942,0.002,79.48,0.008,1.159,0.025,2.161,2.126,2.467,-0.001,0.001,3.894,4.484,4.488,0,0.734,0.257,-0.006,29.67,35.49
20,12/2/2021,1:51:14, ,34,29.11,32.84,-0.023,30.42,34.97,36.32,-0.159,163.4,0.002,0.041,0.023,0.25,9.647,10.6,10.55,33.24,0.023,6.489,3.829,4.252,0.003,75.23,0.011,1.632,0.04,3.817,3.775,4.471,0.002,0.001,4.255,4.782,4.897,0.005,0.819,0.469,-0.01,29.01,33.65
20 dup,12/2/2021,1:53:46, ,35,28.42,32.85,-0.024,30.03,35.08,36.22,-0.159,163.4,0.002,0.04,0.023,0.252,9.533,10.63,10.57,33.1,0.023,6.479,3.802,4.259,0.002,75.41,0.011,1.698,0.041,3.862,3.783,4.359,0.002,0.002,4.5,5.193,5.257,0.005,0.82,0.474,-0.009,28.14,33.78
2 spike,12/2/2021,1:56:19, ,36,84.61,107.5,0.517,23.87,28.15,29.32,-0.239,253.3,0.083,0.126,0.217,6.399,67.62,87.25,88.51,35,0.073,38.32,10.9,12.77,0.006,65.37,0.179,7.834,0.92,20.92,21.12,26.39,-0.009,0.088,5.628,6.562,6.572,0.013,0.977,2.235,-0.019,27.34,32.32
Lblank,12/2/2021,1:58:59, ,37,0.087,0.109,-0.001,0.156,0.178,0.044,0,0.299,0,0,0,0.005,0.081,0.099,0.098,0.094,0,0.039,0.011,0.014,0,0.14,0,0.006,0.001,0.03,0.023,0.052,-0.001,-0.001,0.011,0.012,0.017,-0.001,0.001,0.002,0,0.045,0.053
CV,12/2/2021,2:01:33, ,38,2.045,2.006,2.046,2.105,2.144,2.074,2.055,2.071,1.78,2.008,1.936,1.996,2.059,2.038,2.023,2.242,2.009,1.943,2.036,2.05,2.119,2.395,2.007,2.036,1.991,0.082,0.045,0.053,2.097,2.021,8.659,8.846,8.931,1.865,1.769,2.08,1.959,1.986,2.005
S IPC,12/2/2021,2:04:06, ,39,0.007,0.004,-0.002,0.066,0.071,0.005,0.001,0.02,0.001,0.001,0,0.001,0.007,0.008,0.008,0.031,0.002,0.003,0.002,0.002,0.002,0.033,-0.002,-0.019,-0.01,26.17,26.26,26.86,0.002,0,0.015,0.018,0.014,0.001,0.001,0.001,0,0.007,0.006
21,12/2/2021,2:06:42, ,40,26.96,31.28,-0.014,28.38,33.07,34.69,-0.122,125.6,0.002,0.039,0.022,0.317,10.15,11.17,11.14,31.9,0.022,6.16,3.233,3.539,0.003,71.61,0.011,1.791,0.045,4.151,4.076,4.813,0.002,0,4.157,4.678,4.781,0.004,0.739,0.42,-0.007,27.46,32.31
22,12/2/2021,2:09:16, ,41,29.49,33.6,-0.037,34.37,39.82,41.76,-0.066,67.63,0,0.042,0.02,0.088,4.113,4.454,4.446,34.86,0.016,4.167,1.873,2.048,0.002,84.39,0.008,0.738,0.016,1.745,1.718,1.994,0.002,0,3.129,3.622,3.643,-0.002,0.75,0.166,-0.008,32.53,38.59
23,12/2/2021,2:11:50, ,42,25.38,29.77,0.456,0.173,0.206,0.052,-0.03,30.41,0.076,0.084,0.18,4.815,26.9,29.69,29.65,0.093,0,14.7,4.751,5.05,0.001,0.158,0.164,4.325,0.839,11.12,10.94,13.29,-0.002,0.093,0.013,0.019,0.012,-0.002,0.001,0,-0.008,4.259,4.562
24,12/2/2021,2:14:17, ,43,26.04,29.3,-0.03,30.49,35.31,37.67,-0.059,60.35,0.001,0.04,0.019,0.14,5.209,5.683,5.648,32.4,0.016,4.258,2.649,2.902,0.002,75.52,0.008,1.187,0.022,2.163,2.125,2.51,0,-0.002,3.615,4.053,4.177,-0.001,0.665,0.218,-0.004,29.91,34.93
25,12/2/2021,2:16:49, ,44,27.73,31.72,-0.029,31.67,37.21,38.85,-0.041,42.87,0,0.04,0.021,0.159,6.591,7.098,7.075,32.87,0.016,4.554,1.695,1.807,0.002,79.48,0.008,0.96,0.024,2.037,2.006,2.314,-0.001,-0.003,3.518,4.001,4.026,-0.001,0.68,0.3,-0.006,31.32,36.54
26,12/2/2021,2:19:21, ,45,26.42,29.59,-0.027,31.18,35.95,38.41,-0.041,43.05,0,0.04,0.02,0.169,5.926,6.323,6.29,32.24,0.016,4.282,1.779,1.893,0.001,76.91,0.008,1.018,0.025,2.195,2.164,2.428,0.001,-0.002,3.385,3.837,3.87,-0.002,0.653,0.236,-0.007,31.02,35.47
27,12/2/2021,2:21:53, ,46,25.65,29.49,-0.027,29.98,35.25,37.31,-0.035,36.57,0,0.038,0.019,0.158,6.113,6.584,6.57,31.83,0.016,4.28,2.174,2.338,0.002,75.55,0.007,1.267,0.023,2.323,2.305,2.696,0.001,-0.001,3.601,4.037,4.182,-0.003,0.639,0.25,-0.007,29.75,34.22
28,12/2/2021,2:24:25, ,47,32.15,37.24,0.091,0.587,0.696,0.91,-0.456,471.2,0.007,0.027,0.036,1.123,45.8,55.97,56.32,72.92,0.066,25.23,14.2,16.86,0.011,2.765,0.031,10.45,0.098,53.53,54.24,67.57,-0.002,0.022,3.866,4.509,4.505,0.026,0.906,1.848,-0.024,2.06,2.332
29,12/2/2021,2:26:43, ,48,0.033,0.049,-0.002,0.081,0.104,0.009,-0.001,0.547,0.001,0,-0.001,0.002,0.05,0.068,0.067,0.132,0,0.028,0.015,0.02,0,0.057,-0.002,0.018,0.001,0.046,0.045,0.08,0.002,0.004,0.014,0.017,0.016,-0.002,0.001,0.002,-0.003,0.009,0.012
30,12/2/2021,2:29:18, ,49,41.69,48.32,0.17,0.655,0.725,0.873,-0.219,232.6,0.006,0.037,0.071,1.192,69.36,87.96,89.25,142.5,0.081,32.02,13.7,16.13,0.013,3.627,0.052,12.02,0.232,89.46,91.79,112.2,-0.004,0.023,4.727,5.413,5.431,0.013,0.593,2.452,-0.021,1.923,2.1
30 dup,12/2/2021,2:31:36, ,50,41.92,49.4,0.172,0.643,0.709,0.867,-0.222,235.2,0.006,0.038,0.07,1.194,69.66,89.14,90.46,145.9,0.082,32.69,13.78,16.39,0.013,3.736,0.053,12.42,0.233,89.43,91.46,112.2,-0.002,0.019,5.834,6.5,6.536,0.013,0.61,2.46,-0.02,1.896,2.102
3 spike,12/2/2021,2:33:58, ,51,71.95,90.68,0.519,0.523,0.599,1.288,-0.729,751.6,0.084,0.098,0.197,6.145,69.74,94,95.63,95.05,0.096,48.19,22.03,28.9,0.012,3.02,0.167,13.15,0.865,81.59,84.29,106,-0.001,0.109,5.842,6.835,6.81,0.042,1.544,2.444,-0.041,6.224,7.264
Lblank,12/2/2021,2:36:25, ,52,0.067,0.078,0,0.047,0.047,0.004,-0.001,0.74,0,0,0,0.004,0.081,0.098,0.099,0.148,0,0.043,0.023,0.027,0,0.03,-0.001,0.014,0.001,0.097,0.091,0.132,0,0.001,0.009,0.011,0.008,-0.002,0.001,0.002,-0.001,0.01,0.011
CV,12/2/2021,2:38:59, ,53,2.114,1.998,2.037,2.075,2.091,2.059,2.05,2.063,1.785,2.007,1.931,2.022,2.045,2.028,2.014,2.239,2.027,1.938,2.03,2.045,2.114,2.387,2.006,1.98,2.009,0.091,0.059,0.077,2.093,2.021,8.774,8.858,9.068,1.872,1.742,2.076,1.951,1.94,1.968
S IPC,12/2/2021,2:41:32, ,54,0.005,0.003,0.002,0.036,0.039,0.003,0.001,0.021,0.001,0.001,0,0.001,0.005,0.005,0.005,0.033,0.001,0.002,0.002,0.002,0.002,0.025,-0.002,-0.013,-0.01,26.13,26.2,26.89,0.001,0,0.013,0.018,0.016,0.001,0.001,0.001,0.001,0.003,0.005
31,12/2/2021,2:44:07, ,55,48.44,57.24,0.148,0.809,0.915,1.01,-0.218,234.7,0.009,0.039,0.057,1.305,72.88,95.61,97.48,139.9,0.08,35.51,22.63,28.56,0.011,3.428,0.044,12.09,0.157,91.57,94.15,115.4,-0.009,0.028,4.854,5.6,5.639,0.014,0.625,3.635,-0.033,2.919,3.249
32,12/2/2021,2:46:26, ,56,42.3,49.35,0.143,0.4,0.424,0.961,-0.17,181.8,0.006,0.043,0.078,1.16,65.69,82.02,83.07,73.98,0.073,24.23,11.71,13.68,0.009,2.712,0.052,7.653,0.239,46.16,46.87,57.71,-0.004,0.013,4.757,5.431,5.419,0.009,0.523,2.326,-0.019,2.185,2.475
33,12/2/2021,2:48:45, ,57,53.43,62.94,0.178,0.49,0.533,1.094,-0.242,259.5,0.005,0.042,0.087,1.281,80.69,108.1,110.4,103.9,0.101,31.91,12.92,15.16,0.011,3.309,0.049,10.43,0.157,62.59,63.57,78.01,-0.006,0.018,4.296,4.95,4.939,0.015,0.697,3.334,-0.023,2.167,2.458
34,12/2/2021,2:51:05, ,58,75.69,93.38,0.175,0.599,0.68,0.973,-0.329,349.6,0.009,0.041,0.069,1.61,85.76,120.2,123,144.8,0.086,37.61,15.69,19.36,0.014,4.121,0.042,15.71,0.183,89.57,92.17,114.1,-0.01,0.015,6.288,7.337,7.349,0.022,0.866,4.19,-0.019,4.319,4.897
35,12/2/2021,2:53:26, ,59,26.65,30.75,-0.029,32.05,37.16,39.68,-0.07,71.52,0,0.042,0.02,0.212,4.573,5.189,5.166,32.57,0.015,4.161,2.8,3.027,0.002,79.49,0.008,1.031,0.028,2.126,2.078,2.414,0.001,-0.001,3.092,3.483,3.507,-0.001,0.715,0.189,-0.007,31.03,36.33
36,12/2/2021,2:55:58, ,60,0.032,0.053,-0.006,0.074,0.112,0.04,0,0.148,0.001,0,0,0.002,0.022,0.03,0.029,0.106,0,0.011,0.005,0.007,0,0.129,-0.002,0.012,0.001,0.024,0.027,0.036,0.001,0.006,0.015,0.021,0.02,-0.002,0.001,0.001,-0.003,0.029,0.044
37,12/2/2021,2:58:33, ,61,27.45,31.76,-0.017,31.01,36.65,37.7,-0.123,126.4,0.001,0.041,0.02,0.302,7.735,8.463,8.434,32.74,0.02,5.584,3.145,3.455,0.003,79.65,0.009,1.27,0.04,2.915,2.872,3.345,0.002,0.002,3.642,4.162,4.21,0.003,0.794,0.348,-0.008,29.72,34.91
38,12/2/2021,3:01:06, ,62,28.55,32.88,-0.032,33.81,39.58,41.32,-0.062,63.01,0.001,0.042,0.022,0.192,3.548,3.769,3.759,33.32,0.014,3.874,5.662,6.192,0.004,83.83,0.009,0.945,0.022,2.002,2.031,2.263,0.001,-0.004,3.182,3.591,3.615,0,0.749,0.124,-0.01,32.95,38.19
39,12/2/2021,3:03:40, ,63,27.54,31.55,-0.026,32.28,38.41,38.71,-0.099,101.2,0.001,0.04,0.019,0.204,4.538,5.243,5.218,33.75,0.016,4.609,3.107,3.415,0.002,82.02,0.008,1.52,0.026,2.814,2.769,3.184,0.002,-0.002,3.329,3.847,3.883,0,0.783,0.187,-0.01,31.08,36.35
40,12/2/2021,3:06:13, ,64,28.1,32.78,0.002,32.39,38.25,40.14,-0.072,73.99,0.002,0.047,0.024,0.253,5.57,6.028,6.005,33.6,0.018,4.822,14.12,16.41,0.016,81.37,0.028,1.635,0.025,3.308,3.313,3.851,0.002,0.006,2.952,3.431,3.456,0.001,0.724,0.205,-0.022,31.57,37.03
40 dup,12/2/2021,3:08:46, ,65,28.02,32.36,-0.008,32.27,37.54,39.52,-0.071,73.12,0.002,0.046,0.024,0.256,5.516,6.043,6.026,33.93,0.018,4.853,14.11,16.16,0.015,79.69,0.028,1.634,0.025,3.374,3.304,3.896,0.002,0.008,3.025,3.416,3.419,0,0.708,0.204,-0.022,31,37
4 spike,12/2/2021,3:11:21, ,66,96.14,125.3,0.557,0.402,0.503,1.962,-1.022,1054,0.086,0.109,0.217,6.494,90.3,131.5,134.9,75.14,0.153,62.61,26.4,36.46,0.017,4.005,0.18,18.78,0.917,67.04,69.7,87.55,-0.003,0.114,5.052,5.817,5.804,0.061,2.232,3.379,-0.05,6.931,8.098
Lblank,12/2/2021,3:13:51, ,67,0.103,0.139,0,0.099,0.104,0.018,-0.001,1.426,0,0,0,0.005,0.124,0.168,0.166,0.148,0,0.071,0.036,0.047,0,0.063,-0.001,0.013,0,0.082,0.079,0.106,-0.001,-0.001,0.01,0.013,0.006,0,0.003,0.003,-0.001,0.023,0.026
CV,12/2/2021,3:16:24, ,68,2.058,1.978,2.035,2.083,2.087,2.064,2.081,2.143,1.775,2.004,1.932,1.981,2.052,2.021,1.999,2.256,1.944,1.91,2.03,2.032,2.117,2.374,2.001,1.923,1.992,0.093,0.063,0.134,2.036,2.021,8.659,8.737,8.975,1.865,1.707,2.058,1.945,1.966,2.01
S IPC,12/2/2021,3:18:57, ,69,0.006,0.006,0,0.055,0.062,0.003,0.001,0.042,0.001,0.001,0.001,0.001,0.008,0.008,0.008,0.042,0.001,0.003,0.003,0.003,0.002,0.034,-0.002,-0.02,-0.01,25.85,26.04,26.74,0.001,-0.001,0.014,0.017,0.017,0,0.001,0.001,0.001,0.005,0.006
41,12/2/2021,3:21:32, ,70,29.23,33.42,-0.021,33.63,39,41.08,-0.064,66.54,0,0.043,0.022,0.184,4.543,5.045,5.018,34.74,0.019,4.814,5.086,5.553,0.008,82.47,0.013,1.04,0.019,3.047,3.076,3.592,0.002,0.005,3.15,3.655,3.683,-0.001,0.716,0.2,-0.009,33.07,38.05
42,12/2/2021,3:24:07, ,71,29.96,34.61,-0.001,31.52,37.18,38.65,-0.096,99.07,0.001,0.043,0.027,0.287,9.062,9.89,9.876,33.61,0.024,6.643,6.669,7.591,0.007,80.09,0.018,1.481,0.041,3.974,3.992,4.722,0.001,0.004,3.014,3.496,3.529,0.001,0.727,0.376,-0.01,31.14,36.09
43,12/2/2021,3:26:40, ,72,25.51,30.19,0.455,0.175,0.202,0.049,-0.031,30.78,0.077,0.084,0.179,4.829,27.09,30.01,29.97,0.116,0.001,14.86,4.745,5.122,0.001,0.164,0.165,4.101,0.841,10.89,10.83,13.16,-0.001,0.094,0.013,0.016,0.009,-0.003,0.001,0.001,-0.008,4.287,4.611
44,12/2/2021,3:29:08, ,73,31.11,35.31,0.002,32.16,37.75,40.32,-0.076,78.79,0.001,0.046,0.026,0.368,9.439,10.15,10.11,34.13,0.024,6.842,9.056,10.26,0.01,80.85,0.022,2.069,0.036,4.196,4.189,4.97,0,0.004,3.365,3.931,3.953,0,0.72,0.373,-0.015,32.2,36.89
45,12/2/2021,3:31:44, ,74,26.64,30.57,0.041,29.67,34.37,36.15,-0.085,88.45,0.003,0.047,0.029,0.366,8.879,9.796,9.774,30.97,0.021,6.034,21.34,26.25,0.029,74.15,0.034,1.729,0.04,4.186,4.139,4.81,0,0.014,3.022,3.435,3.442,0,0.681,0.308,-0.031,27.96,33.87
46,12/2/2021,3:34:17, ,75,31.06,34.94,0.01,29.34,34.07,36.51,-0.054,57.96,0.001,0.042,0.027,0.393,12.72,14.05,13.99,32.88,0.029,8.221,5.816,6.543,0.008,73.52,0.016,2.297,0.045,4.603,4.599,5.561,0,0.001,3.596,4.11,4.112,0.001,0.642,0.576,-0.01,28.7,33.69
47,12/2/2021,3:36:50, ,76,75.66,93.25,0.313,0.367,0.437,1.307,-0.242,265.7,0.006,0.043,0.108,1.999,94.37,131.1,134.8,102.4,0.197,57.73,22.52,28.79,0.026,4.698,0.089,15.16,0.234,54.18,55.52,69.44,-0.006,0.017,5.748,6.678,6.703,0.019,0.537,3.896,-0.031,2.293,2.731
48,12/2/2021,3:39:13, ,77,33.26,39.99,0.001,28.22,33.28,33.2,-0.311,320.2,0.005,0.042,0.029,0.662,19,21.86,21.78,33.2,0.038,11.19,4.359,4.936,0.005,74.97,0.019,2.388,0.094,5.689,5.678,6.585,0,0.002,4.474,5.123,5.213,0.016,1.045,0.881,-0.012,26.67,31.71
49,12/2/2021,3:41:50, ,78,27.54,32.35,-0.016,33.49,39.24,38.77,-0.246,250.9,0.003,0.043,0.02,0.325,6.726,7.46,7.397,36.01,0.023,6.091,7.583,8.649,0.003,85.68,0.011,2.1,0.05,4.68,4.637,5.267,0.003,0.005,2.971,3.39,3.417,0.01,0.956,0.244,-0.014,30.86,36.88
50,12/2/2021,3:44:31, ,79,,375.9,0.373,-0.273,-0.078,1.127,-0.06,135,0.006,0.125,0.453,0.475,176,360.6,390.2,25.89,0.562,134.3,7.078,8.171,0.111,7.951,0.408,11.97,0.502,5.547,5.921,7.206,-0.047,-0.105,11.83,13.56,13.62,0.03,1.37,14.11,-0.006,1.857,2.128
50 dup,12/2/2021,3:47:11, ,80,,375.2,0.37,-0.318,-0.177,1.088,-0.059,134,0.006,0.125,0.452,0.472,176.3,358.4,388.5,26.14,0.564,134.1,7.124,8.24,0.108,8.114,0.406,12.2,0.504,5.629,5.967,7.272,-0.047,-0.104,12.74,14.8,14.93,0.029,1.359,14.23,-0.004,1.829,2.108
5 spike,12/2/2021,3:49:51, ,81,115.9,160,0.585,0.168,0.227,2.409,-1.332,1372,0.092,0.113,0.231,7.415,94.69,146.3,150.5,67.77,0.163,71.94,29.21,43.16,0.02,4.402,0.187,17.73,0.994,62.01,64.62,81.31,-0.001,0.108,7.105,8.21,8.218,0.082,2.851,3.759,-0.056,7.991,9.498
Lblank,12/2/2021,3:52:18, ,82,0.167,0.19,0,0.059,0.058,0.011,-0.001,1.456,0,0,0,0.006,0.187,0.217,0.214,0.1,0,0.086,0.035,0.042,0,0.033,-0.001,0.017,0,0.066,0.059,0.09,-0.001,0.002,0.016,0.022,0.015,0,0.003,0.005,0,0.017,0.019
CV,12/2/2021,3:54:52, ,83,2.101,2.01,2.055,2.074,2.083,2.092,2.068,2.121,1.793,2.031,1.954,2.014,2.089,2.037,2.014,2.276,2.021,1.935,2.03,2.04,2.137,2.403,2.024,1.917,2.012,0.083,0.055,0.101,2.06,2.028,8.671,8.791,8.893,1.886,1.73,2.074,1.969,2.007,1.981
S IPC,12/2/2021,3:57:25, ,84,0.011,0.01,0,0.042,0.045,0.002,0.001,0.038,0.001,0.001,0,0.001,0.013,0.012,0.013,0.033,0.001,0.004,0.002,0.003,0.002,0.025,-0.002,-0.007,-0.01,26.09,26.23,26.67,0.001,0.001,0.014,0.019,0.015,0,0.001,0.001,0.001,0.003,0.004
51,12/2/2021,4:00:01, ,85,33.44,38.58,-0.008,31.15,36.39,36.73,-0.229,236.1,0.003,0.042,0.028,0.478,15.28,17.1,17.04,33.9,0.03,8.842,4.119,4.594,0.005,79.41,0.015,1.66,0.069,4.679,4.764,5.506,0.001,0.003,4.026,4.557,4.657,0.011,0.974,0.683,-0.01,29.57,35.45
52,12/2/2021,4:02:34, ,86,30.99,34.62,0.01,26.62,30.54,31.5,-0.141,146.4,0.003,0.039,0.028,0.548,18.27,20.55,20.48,31.39,0.03,8.834,4.441,4.967,0.004,69.15,0.017,1.726,0.104,5.554,5.505,6.499,0,0.006,3.535,4.091,4.116,0.003,0.736,0.806,-0.011,25.85,30.68
53,12/2/2021,4:05:08, ,87,27.34,31.2,-0.024,29.86,34.96,36.44,-0.088,91.4,0.001,0.04,0.022,0.241,8.903,9.795,9.745,31.72,0.019,5.532,2.228,2.421,0.003,76.36,0.011,0.856,0.037,2.919,2.987,3.566,0,0.003,3.459,3.998,4.043,0,0.71,0.412,-0.005,28.45,34.08
54,12/2/2021,4:07:41, ,88,38.51,46.12,0.023,28.37,33.08,33.49,-0.411,422.3,0.007,0.046,0.034,0.895,24.13,27.86,27.71,33.78,0.045,13.38,5.285,5.993,0.006,73.88,0.022,3.245,0.129,7.473,7.532,8.824,0.001,0.012,5.099,5.726,5.861,0.022,1.202,1.081,-0.014,27.06,31.85
55,12/2/2021,4:10:19, ,89,36.51,43.17,0.01,31.61,36.82,37.5,-0.15,156,0.003,0.045,0.033,0.611,20.03,22.79,22.74,34.57,0.032,9.789,6.141,6.914,0.004,80.81,0.018,1.858,0.092,4.243,4.337,5.15,0,0.005,4.789,5.435,5.531,0.006,0.859,0.867,-0.012,29.83,36.1
56,12/2/2021,4:12:55, ,90,47.24,55.6,0.047,29.74,34.6,35.91,-0.184,194,0.005,0.05,0.046,1.08,33.62,38.67,38.76,35.91,0.048,15.03,7.032,7.885,0.006,76.58,0.03,3,0.157,8.063,8.061,9.533,-0.001,0.007,5.615,6.278,6.49,0.008,0.93,1.494,-0.012,29.27,34.02
57,12/2/2021,4:15:30, ,91,43.83,50.6,0.054,28.01,32.06,33.43,-0.198,207.4,0.005,0.047,0.043,0.956,31.97,36.82,36.88,34.28,0.045,14.25,9.639,11.09,0.005,72.12,0.026,2.991,0.146,5.822,5.904,6.985,-0.003,0.013,5.268,5.917,6.047,0.008,0.897,1.396,-0.016,26.98,31.9
58,12/2/2021,4:18:05, ,92,0.041,0.058,-0.006,0.127,0.173,0.036,0,0.233,0.001,0,-0.001,0.002,0.032,0.044,0.042,0.093,0,0.015,0.009,0.012,0,0.134,-0.003,0.005,0.001,0.01,0.006,0.016,0.001,0.004,0.016,0.023,0.019,-0.003,0.001,0.002,-0.004,0.029,0.04
59,12/2/2021,4:20:41, ,93,56.48,70.3,0.116,0.271,0.305,1.2,-0.874,900.4,0.009,0.037,0.072,2.177,71.94,96.7,98.38,42.08,0.129,47.36,15.29,19.18,0.017,3.976,0.061,12.83,0.174,32.09,34.09,41.73,-0.001,0.026,4.056,4.691,4.653,0.054,1.667,2.776,-0.029,2.485,2.9
60,12/2/2021,4:23:07, ,94,46.48,55.8,0.141,0.31,0.335,1.044,-0.518,537.7,0.009,0.032,0.08,1.401,63.85,82.28,83.34,56.13,0.084,30.5,14.86,18.06,0.012,2.692,0.059,8.108,0.213,34.37,34.79,42.01,-0.004,0.019,4.943,5.708,5.737,0.031,0.962,2.554,-0.028,2.144,2.498
60 dup,12/2/2021,4:25:32, ,95,45.85,55.34,0.135,0.303,0.327,1.05,-0.521,540.6,0.009,0.032,0.077,1.386,64.44,82.73,83.87,56.1,0.085,30.65,14.92,18.13,0.012,2.716,0.059,8.077,0.216,33,34.17,42.77,-0.003,0.018,5.132,6.052,6.039,0.031,0.961,2.559,-0.027,2.166,2.535
6 spike,12/2/2021,4:27:52, ,96,88.81,115.7,0.535,0.246,0.288,1.881,-1.177,1211,0.086,0.1,0.207,6.517,83.47,118.9,121.8,57.77,0.147,62.93,24.97,34.14,0.018,3.274,0.174,14.41,0.921,56.81,59.38,75.19,-0.001,0.11,4.77,5.607,5.556,0.071,2.501,3.089,-0.049,6.799,8.051
Lblank,12/2/2021,4:30:16, ,97,0.085,0.095,0.001,0.044,0.044,0.006,-0.001,1.155,0,0,0,0.005,0.092,0.119,0.119,0.083,0,0.053,0.028,0.03,0,0.029,0,0.004,0,0.064,0.065,0.077,-0.001,-0.002,0.009,0.013,0.012,-0.001,0.002,0.002,-0.001,0.012,0.014
CV,12/2/2021,4:32:50, ,98,2.139,2.024,2.097,2.074,2.099,2.083,2.079,2.188,1.796,2.023,1.948,2.014,2.074,2.061,2.032,2.323,2.041,1.957,2.043,2.065,2.137,2.436,2.025,1.956,2.021,0.09,0.054,0.065,2.138,2.075,8.784,8.93,9.144,1.879,1.764,2.076,1.984,1.98,2.007
S IPC,12/2/2021,4:35:23, ,99,0.005,0.004,-0.001,0.032,0.035,0.002,0.001,0.04,0.001,0.001,0,0.001,0.007,0.007,0.008,0.036,0.001,0.003,0.002,0.002,0.002,0.028,-0.002,-0.018,-0.011,25.64,26.02,26.96,0,0.001,0.014,0.016,0.016,0.001,0.001,0.001,0.002,0.003,0.004
61,12/2/2021,4:37:58, ,100,33.3,39.43,0.117,0.446,0.482,0.875,-0.161,172.7,0.006,0.029,0.067,0.777,55.98,69.71,70.5,82.85,0.064,23.06,14.18,16.7,0.01,2.371,0.043,7.441,0.126,48.56,50.03,62.31,-0.005,0.018,4.151,4.874,4.888,0.008,0.426,2.236,-0.019,1.62,1.854
62,12/2/2021,4:40:17, ,101,49.92,58.89,0.163,0.345,0.362,1.008,-0.25,265.5,0.007,0.037,0.068,1.5,73.46,95.79,97.49,62.3,0.085,32.16,14.41,16.86,0.011,2.537,0.059,9.639,0.198,42.15,42.99,51.97,-0.008,0.016,4.13,4.747,4.744,0.015,0.611,2.781,-0.02,2.097,2.342
63,12/2/2021,4:42:37, ,102,44.19,53.38,0.16,0.115,0.111,1.363,-0.634,654.7,0.012,0.034,0.069,1.865,56.17,72.47,73.33,25.77,0.087,31.88,23.69,31.86,0.012,2.682,0.043,8.7,0.285,13.23,13.77,16.44,-0.001,0.031,5.173,6.043,6.049,0.038,1.159,2.283,-0.041,2.56,2.947
64,12/2/2021,4:45:17, ,103,79.57,102.8,0.132,25.24,29.52,29.51,-0.554,576.3,0.018,0.063,0.072,2.333,61.32,80.01,81.08,41.37,0.103,33.35,13.57,16.54,0.011,70.86,0.052,5.522,0.348,23.96,24.35,29.34,-0.003,0.02,6.474,7.456,7.48,0.033,1.572,2.612,-0.025,25.22,30.59
65,12/2/2021,4:48:00, ,104,25.87,29.93,0.459,0.116,0.13,0.032,-0.031,31.66,0.077,0.085,0.182,4.907,27.71,30.2,30.17,0.099,0.001,14.83,4.842,5.127,0.001,0.119,0.168,3.946,0.855,10.81,10.87,13.24,0,0.095,0.018,0.024,0.016,-0.003,0.003,0.003,-0.01,4.376,4.681
66,12/2/2021,4:50:28, ,105,57.85,72.73,0.035,27.63,32.74,32.57,-0.469,485.3,0.009,0.051,0.051,1.21,41.6,50.59,50.89,39.58,0.072,23.67,7.629,8.813,0.008,75.6,0.035,4.4,0.194,11.59,12.05,14.39,0,0.013,6.11,7.113,7.148,0.026,1.392,1.879,-0.018,26.89,31.92
67,12/2/2021,4:53:06, ,106,52.87,64.9,0.025,25,28.99,29.77,-0.466,482.2,0.007,0.047,0.048,1.043,40.44,46.8,48.79,35.89,0.068,23.16,6.909,7.911,0.006,67.69,0.032,4.558,0.179,9.799,10.63,12.51,0,0.008,5.997,6.782,6.916,0.026,1.343,1.881,-0.015,24.47,29.02
68,12/2/2021,4:55:44, ,107,47.25,57.53,0.01,27.96,32.53,33.06,-0.383,396.7,0.005,0.046,0.044,0.763,34.07,40.25,40.49,37.49,0.058,19.73,4.418,5.016,0.005,74.17,0.026,3.417,0.126,7.375,7.448,8.702,-0.001,0.009,5.25,6.065,6.107,0.019,1.249,1.646,-0.012,26.84,31.88
69,12/2/2021,4:58:22, ,108,100,132.4,0.114,24.75,28.94,29.22,-0.978,1012,0.017,0.067,0.099,2.341,79.67,111.2,113.6,49.3,0.148,52.34,10.66,12.87,0.013,70.65,0.065,8.739,0.336,21.16,21.99,26.5,-0.007,0.014,6.463,7.59,7.628,0.06,2.457,4.016,-0.026,25.18,30.33
70,12/2/2021,5:01:06, ,109,69.4,88.99,0.103,0.518,0.636,2.152,-1.471,1507,0.019,0.043,0.079,1.925,69.15,96.27,97.86,85.1,0.162,57.16,26.1,36.87,0.025,7.596,0.047,20.15,0.277,73.94,77.92,97.31,0.009,0.053,3.231,3.778,3.751,0.087,2.895,2.46,-0.055,3.762,4.55
70 dup,12/2/2021,5:03:33, ,110,71.82,89.68,0.11,0.479,0.588,2.152,-1.511,1549,0.02,0.044,0.082,1.957,70.98,98.07,99.74,85.61,0.166,57.81,26.63,37.48,0.026,7.516,0.05,20.14,0.284,72.96,78.28,99.62,0.007,0.057,3.435,4.063,4.005,0.09,2.886,2.525,-0.056,3.768,4.653
7 spike,12/2/2021,5:06:04, ,111,73.48,93.04,0.567,0.781,0.904,1.331,-0.563,581.2,0.086,0.097,0.203,6.504,68.71,90.3,91.79,144,0.083,46.86,25.7,34.5,0.012,3.498,0.164,16.19,0.923,112.8,118.9,148.2,0.001,0.121,5.477,6.286,6.288,0.03,1.293,1.978,-0.044,6.677,7.689
Lblank,12/2/2021,5:08:28, ,112,0.125,0.152,0.002,0.038,0.038,0.005,-0.001,1.162,0,0,0,0.008,0.14,0.169,0.169,0.252,0,0.081,0.049,0.06,0,0.04,0,0.03,0.002,0.229,0.222,0.29,-0.001,0.001,0.016,0.019,0.018,-0.001,0.002,0.003,0,0.017,0.019
CV,12/2/2021,5:10:47, ,113,2.089,2.042,2.044,2.056,2.1,2.083,2.083,2.291,1.789,2.017,1.942,1.994,2.075,2.066,2.049,2.394,2.068,1.967,2.05,2.073,2.131,2.452,2.014,1.902,2.012,0.134,0.103,0.171,2.066,2.038,8.898,8.909,9.001,1.874,1.746,2.078,1.961,1.959,2.005
S IPC,12/2/2021,5:13:19, ,114,0.013,0.012,-0.002,0.03,0.032,0.003,0.001,0.125,0.001,0.001,0.001,0.001,0.016,0.016,0.015,0.057,0.001,0.008,0.005,0.006,0.002,0.031,-0.002,-0.016,-0.01,25.64,26.23,26.84,0.001,0.002,0.014,0.019,0.021,0.001,0.001,0.001,0,0.004,0.006
71,12/2/2021,5:15:54, ,115,52.93,65.33,-0.007,32.44,37.52,36.82,-0.666,685.2,0.007,0.051,0.044,0.902,34.08,40.59,40.59,40.31,0.068,22.45,4.875,5.497,0.008,85.29,0.029,3.392,0.153,8.362,9.317,11.09,0.001,0.012,5.574,6.273,6.516,0.037,1.807,1.639,-0.018,30.04,36.21
72,12/2/2021,5:18:30, ,116,,305.2,0.309,-0.185,-0.06,0.939,-0.05,114,0.005,0.106,0.384,0.399,163.4,310.1,331.4,21.48,0.461,110.9,5.993,6.823,0.094,6.641,0.348,9.618,0.425,4.576,4.904,6.024,-0.042,-0.07,7.54,8.585,8.714,0.024,1.111,12.15,-0.008,1.569,1.792
73,12/2/2021,5:21:12, ,117,46.34,57.56,-0.003,25.9,30.4,30.18,-0.605,621.4,0.007,0.044,0.039,0.848,30.49,36.82,36.76,36.67,0.064,20.3,5.288,6.138,0.007,70.64,0.027,3.617,0.14,9.533,10.45,12.49,0.002,0.011,4.871,5.563,5.745,0.032,1.551,1.402,-0.016,24.22,29.44
74,12/2/2021,5:23:50, ,118,91.15,119.5,0.071,27.08,32.12,31.12,-1.193,1228,0.015,0.061,0.082,1.975,65.57,89.06,90.46,49.5,0.138,46.53,10.77,13.22,0.015,77.96,0.057,7.654,0.321,19.34,21.1,25.59,0,0.021,6.625,7.618,7.671,0.072,2.698,3.242,-0.028,26.23,32.16
75,12/2/2021,5:26:35, ,119,91.03,119.6,0.059,26.08,30.62,29.55,-1.691,1734,0.017,0.059,0.074,2.056,62.12,84.2,85.47,51.9,0.153,52.55,13.48,17.21,0.02,76.02,0.051,9.266,0.308,26.57,28.09,34.09,0.006,0.034,6.249,7.291,7.286,0.102,3.718,3.059,-0.04,24.74,30.22
76,12/2/2021,5:29:20, ,120,42.37,51.97,-0.02,31.52,37.32,35.94,-0.558,572.3,0.005,0.045,0.032,0.656,22.43,26.63,26.54,38.98,0.052,16.54,4.302,4.951,0.006,81.06,0.023,2.99,0.107,8.686,9.619,11.53,0.002,0.015,4.814,5.527,5.599,0.029,1.497,1.035,-0.015,29.07,36.38
77,12/2/2021,5:31:56, ,121,86.87,116.1,0.228,0.233,0.289,2.102,-1.248,1287,0.018,0.046,0.096,2.331,84.03,119.4,122.1,52.31,0.159,56.08,17.38,22.2,0.021,5.237,0.069,10.5,0.381,40.76,42.63,53.26,-0.001,0.026,5.555,6.419,6.402,0.078,2.402,3.743,-0.04,4.943,5.833
78,12/2/2021,5:34:27, ,122,59.32,73.01,0.099,0.264,0.299,1.664,-0.955,982.9,0.018,0.043,0.066,1.838,57.29,74.93,75.78,40.38,0.112,39.65,19.2,24.54,0.016,3.689,0.056,8.16,0.256,33.96,35.89,44.33,-0.001,0.036,5.004,5.813,5.823,0.057,1.767,2.513,-0.038,4.964,5.862
79,12/2/2021,5:36:54, ,123,55.23,67.92,0.042,0.098,0.118,1.767,-1.224,1255,0.012,0.028,0.058,1.243,55.77,72.31,73,28.13,0.117,40.25,11.11,13.54,0.016,7.754,0.045,7.393,0.217,26.25,28.15,34.28,0.001,0.029,4.798,5.57,5.57,0.073,2.216,2.464,-0.029,2.926,3.422
80,12/2/2021,5:39:37, ,124,63.97,80.72,0.074,0.076,0.08,1.717,-1.181,1213,0.012,0.029,0.065,1.521,60.47,79.57,80.6,36.68,0.121,43.23,12.7,15.78,0.018,3.629,0.044,8.397,0.249,29.57,31.1,37.73,0.003,0.028,5.267,6.01,6.018,0.07,2.203,2.614,-0.032,3.267,3.752
80 dup,12/2/2021,5:42:05, ,125,63.46,79.23,0.078,0.073,0.074,1.712,-1.18,1212,0.012,0.029,0.065,1.515,60.54,79.2,80.18,35.88,0.119,42.49,12.87,15.63,0.017,3.526,0.045,8.288,0.249,29.27,31.11,37.51,0.001,0.024,5.506,6.229,6.23,0.072,2.173,2.615,-0.031,3.26,3.778
9 spike,12/2/2021,5:44:33, ,126,104.6,141.4,0.583,0.356,0.419,2.123,-1.15,1186,0.09,0.106,0.224,7.051,92.87,134,137.7,88.24,0.149,67.42,28.86,40.33,0.018,3.909,0.184,16.49,0.993,75.69,79.78,101,-0.001,0.114,7.061,8.691,8.653,0.07,2.467,3.63,-0.055,7.423,8.81
Lblank,12/2/2021,5:47:00, ,127,0.107,0.116,-0.001,0.023,0.024,0.003,-0.001,1.448,0,0,0,0.005,0.126,0.138,0.137,0.102,0,0.06,0.031,0.035,0,0.027,0,0.012,0.001,0.099,0.092,0.158,-0.001,0,0.013,0.017,0.018,0,0.003,0.004,-0.001,0.012,0.014
CV,12/2/2021,5:49:19, ,128,2.091,2.023,2.067,2.059,2.064,2.109,2.113,2.382,1.811,2.047,1.973,2.015,2.125,2.074,2.056,2.349,2.023,1.962,2.061,2.066,2.149,2.414,2.041,1.915,2.028,0.146,0.097,0.158,2.07,2.047,8.747,8.89,9.051,1.891,1.777,2.093,1.949,2.034,2.035
S IPC,12/2/2021,5:51:52, ,129,0.017,0.015,0,0.02,0.021,0.002,0.001,0.178,0.001,0.001,0,0.002,0.021,0.019,0.019,0.047,0.001,0.008,0.006,0.005,0.002,0.023,-0.002,-0.018,-0.01,25.51,26,26.76,0.001,0.002,0.015,0.02,0.017,0.001,0.001,0.002,0.001,0.004,0.005
81,12/2/2021,5:54:28, ,130,61.19,75.94,0.066,0.127,0.147,1.753,-1.253,1286,0.016,0.029,0.056,1.564,56.9,74,74.68,49.98,0.124,41.15,14.8,18.3,0.019,2.967,0.041,8.732,0.258,40.83,42.52,52.66,0.006,0.028,5.112,5.866,5.864,0.075,2.2,2.357,-0.036,3.441,4.027
82,12/2/2021,5:56:56, ,131,101.2,134.9,0.36,23.72,27.9,26.94,-1.353,1397,0.031,0.07,0.104,4.592,84.02,127.5,130.9,52.34,0.167,48.31,25.64,36.19,0.025,68.86,0.071,8.892,0.596,24.57,27.5,33.38,-0.003,0.023,4.905,5.681,5.659,0.09,2.246,4.976,-0.051,24.01,30.37
83,12/2/2021,5:59:42, ,132,57.45,70.77,0.158,27.35,31.28,31.63,-0.543,562.4,0.012,0.052,0.056,2.253,48.94,60.08,60.61,39.21,0.077,21.8,14.22,16.99,0.011,72.28,0.034,4.014,0.3,13.01,13.37,16.01,-0.001,0.017,5.74,6.576,6.638,0.032,1.177,2.456,-0.027,26.08,31.18
84,12/2/2021,6:02:25, ,133,48.48,58.04,0.084,27.4,31.56,31.76,-0.438,453.2,0.008,0.046,0.044,1.657,37.9,44.9,45.22,37.12,0.062,17.56,7.659,8.876,0.008,72.18,0.027,2.396,0.222,7.921,8.823,10.44,-0.002,0.009,4.972,5.667,5.769,0.026,1.059,2.016,-0.017,25.92,31.49
85,12/2/2021,6:05:04, ,134,41.64,49.97,0.071,28.67,32.89,33.75,-0.447,460.7,0.008,0.047,0.039,1.341,30.83,36.69,36.64,35.73,0.053,14.41,11.14,12.66,0.008,74.25,0.023,2.68,0.181,9.789,10.36,12.33,0,0.016,4.642,5.29,5.346,0.024,1.045,1.492,-0.023,27.56,33.42
86,12/2/2021,6:07:44, ,135,31.33,36.9,0.011,30.68,36.08,35.9,-0.201,207.9,0.003,0.042,0.025,0.628,15.38,17.54,17.49,34.26,0.03,7.977,6.205,7.044,0.003,79.12,0.013,1.812,0.09,4.836,5.025,5.938,0.001,0.004,4.435,5.02,5.119,0.008,0.829,0.795,-0.013,28.55,35.04
87,12/2/2021,6:10:21, ,136,29.85,35.39,-0.022,32.45,37.45,37.57,-0.367,375,0.004,0.043,0.023,0.446,10.16,11.39,11.31,35.52,0.03,8.218,6.569,7.509,0.004,81.99,0.014,1.779,0.056,4.836,5.034,5.876,0.005,0.01,3.943,4.446,4.537,0.017,1.141,0.442,-0.016,29.79,35.79
88,12/2/2021,6:13:00, ,137,30.35,35.24,-0.016,32.79,38.32,38.49,-0.242,248.1,0.003,0.042,0.024,0.364,10.2,11.41,11.31,34.23,0.025,6.991,6.982,7.902,0.004,83.57,0.012,1.9,0.053,3.942,4.166,4.891,0.004,0.005,4.275,4.821,4.976,0.01,0.954,0.452,-0.013,30.56,37.08
88 dup,12/2/2021,6:15:39, ,138,29.9,34.91,-0.018,32.62,37.95,38.49,-0.24,245.5,0.003,0.043,0.024,0.36,10.23,11.39,11.33,35.2,0.026,6.987,6.964,7.898,0.004,83.15,0.011,1.939,0.056,4.075,4.179,4.966,0.003,0.004,4.619,5.225,5.345,0.01,0.941,0.456,-0.016,30.87,36.93
10 spike,12/2/2021,6:18:16, ,139,99.98,129.2,0.627,0.562,0.667,1.872,-0.705,732.4,0.089,0.113,0.235,7.287,94.87,138.5,142.2,92.58,0.125,60.05,20,25.8,0.015,4.182,0.195,16.58,1.001,83.65,88.24,111,-0.004,0.101,7.015,8.315,8.36,0.042,1.658,3.442,-0.037,7.839,9.053
Lblank,12/2/2021,6:20:41, ,140,0.059,0.079,0,0.095,0.101,0.016,-0.001,0.541,0,0,0,0.003,0.07,0.092,0.091,0.13,0,0.035,0.013,0.017,0,0.077,-0.001,0.004,0,0.064,0.058,0.15,0.001,-0.001,0.01,0.016,0.013,-0.001,0.001,0.002,0,0.023,0.026
CV,12/2/2021,6:23:14, ,141,2.056,2.01,2.053,2.096,2.118,2.109,2.082,2.161,1.806,2.047,1.975,1.989,2.096,2.048,2.032,2.396,2.016,1.943,2.041,2.05,2.151,2.474,2.037,1.852,2.024,0.118,0.084,0.126,2.073,2.024,8.728,8.845,9.09,1.888,1.779,2.072,1.966,2.04,2.039
S IPC,12/2/2021,6:25:47, ,142,0.008,0.007,0.001,0.056,0.062,0.005,0.001,0.048,0.001,0.001,0.001,0.002,0.009,0.009,0.008,0.058,0.002,0.004,0.003,0.003,0.003,0.049,-0.001,-0.014,-0.009,24.62,25.24,26.52,0.002,0.001,0.016,0.021,0.022,0.001,0.002,0.002,0.002,0.008,0.008
Moo1,12/2/2021,6:28:22, ,143,0.005,0.008,-0.003,0.062,0.06,0.241,-0.025,25.06,0,0,-0.001,0,3.683,3.642,3.648,1.508,0.016,12.3,0.232,0.235,0.001,16.7,0,0.006,-0.002,3.802,3.717,3.834,-0.001,-0.007,2.991,3.008,3.044,0,0.145,0,0.001,1.841,1.851
Moo2,12/2/2021,6:30:43, ,144,0.003,0.002,-0.002,0.045,0.046,0.009,-0.002,1.918,0,0,-0.001,0,0.303,0.3,0.3,1.429,0.015,4.631,0.012,0.012,-0.002,16.41,-0.001,-0.005,-0.003,3.166,3.2,3.274,-0.001,-0.005,2.797,2.834,2.856,0,0.015,0,0.001,0.053,0.055
Lblank,12/2/2021,6:33:02, ,145,0.003,0.001,0.001,0.036,0.037,0.001,0,0.022,0,0,0,0,0.005,0.005,0.005,0.038,0,0.007,0,0,0,0.049,0,-0.009,-0.001,0.009,0.006,0.007,-0.001,-0.003,0.008,0.012,0.012,0,0,0,0.001,0.003,0.004
CV,12/2/2021,6:35:35, ,146,2.09,1.988,2.057,2.078,2.073,2.084,2.082,2.021,1.793,2.028,1.954,2.031,2.062,2.029,2.005,2.276,2.036,1.936,2.047,2.047,2.135,2.407,2.024,1.849,2.019,0.078,0.043,0.078,2.084,2.031,8.786,8.866,9.052,1.874,1.777,2.095,1.946,1.966,2.003
S IPC,12/2/2021,6:38:07, ,147,0.003,0.004,0.004,0.031,0.033,0.002,0.002,0.006,0.001,0.002,0.001,0.002,0.004,0.004,0.003,0.042,0.003,0.002,0.002,0.003,0.003,0.029,-0.001,-0.009,-0.009,25.2,25.78,26.94,0.002,-0.001,0.016,0.023,0.019,0.001,0.002,0.002,0.002,0.004,0.005
Cal Blank,12/2/2021,6:42:06, ,148,0,0.001,-0.001,0.026,0.026,0.001,0,0.006,0,0,0,0,0.001,0,0.001,0.022,0,0.001,0,0,0,0.017,0,-0.005,0,0.01,0.009,0.004,-0.001,0.001,0.001,0.003,0.003,0,0,0,0,0.001,0.002
std 1,12/2/2021,6:44:40, ,149,-0.004,-0.008,10.15,1.05,1.057,1.027,-0.011,10.19,1.739,0.001,-0.001,2.035,0.003,0.002,0.002,0.902,0.004,0,2.024,2.068,0,0.306,-0.003,0.003,-0.002,0.089,0.029,0.002,5.025,5.145,0.052,0.054,0.049,0,0,0,-0.003,0.06,0.081
std 2,12/2/2021,6:49:21, ,150,-0.075,-0.062,-0.033,0.042,0.038,-0.003,0.032,0.011,0.002,0.013,-0.001,0.014,0.003,0.003,0.028,20.01,4.92,-0.002,-0.009,-0.011,10,9.958,0,0.028,0.005,0.013,-0.017,0.032,0.123,0.005,-0.027,-0.009,-0.066,-0.001,0.976,10.04,-0.006,0.009,0.01
std 3,12/2/2021,6:51:48 AM, ,151,0.003,0.005,0.004,0.019,0.019,0,0,0.004,-0.001,2.01,-0.001,0.002,0.014,0.014,0,0.16,0.006,0,0,0,0.013,0.073,-0.01,9.024,-0.003,0.006,0.009,-0.007,0,0.001,0.008,0.008,0.007,0,0.001,0.009,-0.002,0.002,0.002
std 4,12/2/2021,6:54:23 AM, ,152,10.16,10.11,0.013,0.018,0.019,0,0,0.009,0.001,-0.003,5.058,0.002,0.002,0,0,0.097,0.001,0,0.001,0.001,0.003,0.047,0,-0.001,0,0.006,0.007,-0.006,0.021,-0.023,9.961,10.08,10.19,4.064,0,0.003,0,5.257,5.18
std 5,12/2/2021,6:56:49 AM, ,153,0.011,0.009,0.002,0.039,0.033,0,1.024,-0.004,0,0,0.004,0,10.03,10.15,10.12,0.106,-0.001,10.17,0.001,0.002,0,0.183,1.988,-0.019,10.01,0.04,0.001,0.047,0.003,0.002,0.024,0.027,0.019,0.004,-0.007,-0.003,4.915,0.005,0.006
S std,12/2/2021,6:59:10 AM, ,154,0.003,0.002,0.001,0.016,0.017,0,0.001,0.002,0,0,0,0,0.011,0.014,0.014,0.036,0,0.009,0,0,0,0.019,-0.002,-0.019,-0.006,37.58,38.99,41.02,0,-0.001,0.111,0.106,0.105,0,0,0,0.005,0,0.001
