Sample ID,Date,Time,Remarks,Run,Ag 328.068,Ag 338.289,Al 396.153,Al_r 396.153,As 188.979,B 249.677,B_r 249.677,Ba 233.527,Be 313.107,Ca_r 317.933,Cd 288.802,Co 228.616,Cr 267.716,Cu 327.393,Fe 238.204,Fe_r 238.204,Fe_r 234.349,K_r 766.490,Li_r 670.784,Mg_r 285.213,Mn 257.610,Mn_r 260.568,Mo 202.031,Na_r 589.592,Na 330.237,Ni 231.604,P 177.434,P 178.221,P 213.617,Pb 220.353,S 180.669,S 181.975,S_r 181.975,Sb 206.836,Se 196.026,Si 251.611,Si_r 251.611,Si_r 212.412,Sn 189.927,Sr_r 407.771,Ti 334.940,Tl 190.801,V 292.402,Zn 206.200,Zn_r 206.200,Pd 340.4
,,, ,,mg/L,mg/L,mg/L,mg/L,mg/L,mg/L,mg/L,mg/L,mg/L,mg/L,mg/L,mg/L,mg/L,mg/L,mg/L,mg/L,mg/L,mg/L,mg/L,mg/L,mg/L,mg/L,mg/L,mg/L,mg/L,mg/L,mg/L,mg/L,mg/L,mg/L,mg/L,mg/L,mg/L,mg/L,mg/L,mg/L,mg/L,mg/L,mg/L,mg/L,mg/L,mg/L,mg/L,mg/L,mg/L,mg/L
Lblank,11/17/2021,13:04:22, ,1,0,0,0,0,0,-0.001,-0.001,0,0,0,0,0,0,0,0.001,0.001,0.001,0.009,0,0,0,0,0,0,-0.02,0,-0.001,-0.002,0.002,0,0.002,0.003,0.005,-0.002,-0.001,0.004,0.004,0.003,0,0,0,0.002,0,0,0,
MQ,11/17/2021,13:07:00, ,2,0,0,0,-0.003,0.003,-0.001,-0.002,0,0,-0.002,0,0,0,0,0,0,0.001,0.009,0,0,0,0,0,0.001,-0.094,0,-0.012,-0.012,0.011,0,-0.006,0.001,0.003,-0.001,-0.004,0.001,0.002,0,0,0,0,0.002,0,0,0,
CCV,11/17/2021,13:11:41, ,3,0.097,0.079,1.925,1.893,2.017,0.202,0.196,0.198,0.206,1.937,0.339,0.379,0.986,0.387,2,1.955,1.953,4.038,1.025,1.961,0.392,0.387,2.054,2.056,10.72,0.389,2.009,2.05,3.542,1.958,0.029,0,0.001,1.041,0.999,2.016,2.013,1.983,0.783,0.192,2.078,0.997,0.386,0.953,0.95,
CV,11/17/2021,13:14:08, ,4,0.06,0.018,1.968,1.993,2.032,2.004,1.99,2.05,2.089,1.975,1.757,1.972,1.919,1.983,2.015,2.017,1.998,2.185,2.064,1.939,2.022,2.004,2.146,2.356,12.65,2.005,1.812,2.083,10.44,2.003,0.077,0.035,0.044,2.051,2.003,8.783,8.766,8.806,1.839,1.753,2.108,1.979,1.968,1.904,1.93,
Calib Blank 1,11/17/2021,13:36:20, ,5,[0.00],[0.00],[0.00],[0.00],[0.00],[0.00],[0.00],[0.00],[0.00],[0.00],[0.00],[0.00],[0.00],[0.00],[0.00],[0.00],[0.00],[0.00],[0.00],[0.00],[0.00],[0.00],[0.00],[0.00],[0.00],[0.00],[0.00],[0.00],[0.00],[0.00],[0.00],[0.00],[0.00],[0.00],[0.00],[0.00],[0.00],[0.00],[0.00],[0.00],[0.00],[0.00],[0.00],[0.00],[0.00],
SED Std 1,11/17/2021,13:38:53, ,6,[0.5],[0.5],,,[10],[1],[1],[1],,[10],[2],,,[2],,,,,,,[2],[2],,,,,,,,,,,,[5],[5],,,,,,,,,,,
SED Std 2,11/17/2021,13:43:35, ,7,,,,,,,,,,,,,,,,,,[20],[5],,,,[10],[10],[10],,,,,,,,,,,,,,,[1],[10],,,,,
SED Std 3,11/17/2021,13:45:31, ,8,,,,,,,,,,,,[2],,,,,,,,,,,,,,,[10],[10],[10],,,,,,,,,,,,,,[2],,,
SED Std 4,11/17/2021,13:47:19, ,9,,,[10],[10],,,,,,,,,[5],,,,,,,,,,,,,,,,,,,,,,,[10],[10],[10],[4],,,,,[5],[5],
SED Std 5,11/17/2021,13:49:13, ,10,,,,,,,,,[1],,,,,,[10],[10],[10],,,[10],,,,,,[2],,,,[10],,,,,,,,,,,,[5],,,,
SED Std S,11/17/2021,13:51:04, ,11,,,,,,,,,,,,,,,,,,,,,,,,,,,,,,,[40],[40],[40],,,,,,,,,,,,,
Lblank,11/17/2021,13:53:57, ,12,0,0,0,0.003,0.001,-0.001,-0.001,0,0,0,0,0,0,0,0.001,0.001,0.003,-0.007,0,0.001,0,0,0,-0.001,0.036,0,0.004,-0.001,0.004,0,0.007,0.013,0.069,-0.001,0,0.005,0.004,0.006,0,0,0,-0.001,0,0,0,
MQ,11/17/2021,13:56:34, ,13,0,0,0,0.001,0.001,-0.001,-0.002,0,0,-0.002,0,0,0,0,0,0,0.001,-0.003,0,0,0,0,0,-0.001,-0.05,0.001,0.001,-0.005,0.027,-0.001,0.005,0.01,0.031,-0.001,-0.001,0.001,0.001,0.004,0,0,0,0,0,0,0,
CCV,11/17/2021,14:01:19, ,14,0.098,0.079,1.931,1.928,2.045,0.204,0.207,0.2,0.207,1.999,0.341,0.39,0.987,0.389,2.036,1.981,1.98,3.921,0.984,1.982,0.398,0.406,2.028,1.998,10.83,0.391,2.014,2.027,3.651,1.963,0.026,0.009,0.052,1.052,1.002,2.004,2.061,2.037,0.796,0.197,2.09,0.99,0.394,0.981,0.968,
CV,11/17/2021,14:03:43, ,15,0.044,-0.001,2.031,1.987,2.05,2.02,2.034,2.056,2.085,2.007,1.783,2.047,1.935,2.007,2.066,2.014,1.997,2.105,1.957,1.934,2.022,2.041,2.139,2.278,12.9,2.026,1.825,2.091,10.65,2.025,0.075,0.042,0.096,2.09,2.021,8.829,8.733,8.997,1.885,1.79,2.09,1.989,1.993,1.977,1.945,
S IPC,11/17/2021,14:06:14, ,16,0,0.001,0.002,0.005,0.002,0.003,0.004,0.002,0.002,0.001,0.001,0.002,0.002,0.002,0.002,0.003,0.005,-0.003,0.003,0.003,0.002,0.003,0.002,0.004,0.025,0,-0.003,-0.015,0.013,-0.009,26.57,26.54,26.5,0.002,0.003,0.018,0.019,0.021,0.002,0.002,0.002,0,0.002,0.002,0.003,
LFB,11/17/2021,14:08:48, ,17,-0.027,-0.037,29.33,30.71,0.542,0.052,0.029,-0.003,-0.031,31.4,0.092,0.094,0.182,4.945,28.49,30.61,30.72,0.008,0.001,15.56,4.866,5.189,0.002,0.003,6.788,0.185,4.816,5.397,27.01,1.01,15.95,15.23,14.55,-0.003,0.124,0.003,0.001,-0.008,0,0.001,0,-0.01,0.485,4.921,4.87,
JF Pb,11/17/2021,14:11:16, ,18,0,0,0.026,0.04,-0.001,0.003,0.003,0,0,0.093,0,0,0,0.006,0.03,0.042,0.041,0.009,0,0.018,0.004,0.005,0,0.023,0.022,-0.001,-0.01,-0.009,0.029,9.951,0.047,0.039,0.088,0,-0.001,0.035,0.033,0.038,0.002,0,0,0,0.001,0.01,0.012,
JF Pb dup,11/17/2021,14:13:50, ,19,0,0,0.007,0.011,0,0,-0.001,0,0,0.009,0,0,0,0.002,0.004,0.005,0.005,-0.001,0,0.002,0,0,0,0.001,0.008,-0.002,-0.009,-0.007,0,9.91,0.017,0.012,0.053,-0.001,0,0.005,0.005,0.008,0,0,0,-0.002,0,0.002,0.002,
JF Cu,11/17/2021,14:16:24, ,20,0,0,0.013,0.014,-0.001,-0.001,-0.002,0,0,0.028,-0.001,-0.001,-0.007,10.09,0.005,0.006,0.006,0.002,0,0.002,0,0,0,0.008,0.228,0.001,-1.13,-0.009,43.41,0.004,6.882,6.816,6.702,-0.001,0,0.012,0.011,0.011,0.001,0,0,-0.004,0,0.005,0.005,
JF Cu dup,11/17/2021,14:19:02, ,21,0,0,0.012,0.014,-0.001,-0.002,-0.002,0,0,0.01,-0.001,-0.001,-0.007,10.14,0.004,0.004,0.004,-0.002,0,0.002,0,0,0,0.003,0.246,0.001,-1.13,-0.003,43.68,-0.005,6.894,6.851,6.713,-0.001,0,0.002,0.002,0.006,0,0,0,-0.004,0,0.003,0.003,
MFB 1.1,11/17/2021,14:21:40, ,22,-0.013,-0.018,13.98,15.15,0.241,0.032,0.018,-0.002,-0.015,15.49,0.041,0.046,0.092,2.478,14.76,15.35,15.34,-0.007,0,7.694,2.476,2.593,0.001,0.002,4.017,0.09,2.018,2.316,13.11,0.471,6.364,6.207,6.72,-0.001,0.053,0.005,0.002,0.001,-0.001,0,0,-0.008,0.247,2.307,2.308,
MFB 1.8,11/17/2021,14:24:07, ,23,-0.004,-0.005,4.029,4.084,0.067,0.008,0.003,0,-0.004,4.24,0.012,0.013,0.026,0.664,4.061,4.197,4.175,-0.013,0,2.091,0.691,0.703,0,-0.001,0.988,0.026,0.606,0.681,3.597,0.138,1.916,1.868,1.894,-0.001,0.014,0.001,0,0.001,-0.001,0,0,-0.004,0.067,0.654,0.66,
MFB 2.1,11/17/2021,14:26:30, ,24,-0.012,-0.018,13.79,15.13,0.248,0.032,0.018,-0.002,-0.016,15.62,0.041,0.046,0.093,2.471,15.08,15.43,15.42,-0.003,0,7.678,2.534,2.605,0.001,-0.001,3.869,0.092,2.06,2.363,13.07,0.48,6.465,6.293,6.842,0,0.05,0.004,0.003,0.004,-0.001,0,0,-0.007,0.25,2.287,2.349,
MFB 2.8,11/17/2021,14:28:53, ,25,-0.004,-0.005,4.168,4.085,0.071,0.009,0.006,0,-0.004,4.242,0.012,0.013,0.026,0.653,4.099,4.167,4.15,-0.01,0,2.087,0.697,0.698,0,0.003,1.129,0.026,0.611,0.687,3.535,0.14,1.942,1.886,1.935,-0.001,0.014,0.001,0.001,-0.001,-0.001,0,0,-0.002,0.067,0.679,0.664,
1,11/17/2021,14:31:16, ,26,-0.022,-0.031,24.16,28.79,0.434,0.065,0.047,-0.003,-0.029,29.59,0.074,0.082,0.172,4.7,26.53,28.8,28.78,0.019,0,14.31,4.476,4.887,0.001,0.015,7.156,0.159,3.563,4.122,24.53,0.808,11.25,11.01,12.98,0,0.092,0.022,0.025,0.019,-0.002,0.004,0,-0.009,0.465,4.092,4.328,
2,11/17/2021,14:33:43, ,27,-0.022,-0.032,24.2,29.16,0.455,0.056,0.03,-0.003,-0.029,29.3,0.076,0.084,0.174,4.72,26.68,28.89,29,0.006,0.001,14.44,4.588,4.933,0.001,0.002,7.171,0.161,3.769,4.306,24.79,0.839,11.91,11.54,13.31,0.001,0.09,0.021,0.021,0.017,-0.001,0,0,-0.01,0.473,4.185,4.313,
2 dup,11/17/2021,14:36:12, ,28,-0.022,-0.032,24.44,29.1,0.443,0.055,0.029,-0.003,-0.029,29.32,0.074,0.083,0.172,4.66,26.69,28.94,28.96,0.005,0,14.46,4.588,4.931,0.001,0.004,6.989,0.161,3.667,4.226,24.46,0.827,11.7,11.37,13.15,0,0.093,0.02,0.023,0.016,-0.002,0,0,-0.01,0.465,4.097,4.313,
spike 1,11/17/2021,14:38:41, ,29,0.015,0, ,276.9,0.946,0.352,0.462,3.626,-1.127,1178,0.111,0.15,0.321,10.68,132.9,245.2,260.7,110.6,0.272,107.6,39.1,66.8,0.021,6.438,40.27,0.24,24.18,25.18,72.32,1.35,102.1,103,125.7,-0.005,0.095,5.457,6.266,6.197,0.077,2.805,6.166,-0.091,0.707,11.31,13.38,
Lblank,11/17/2021,14:41:10, ,30,-0.001,-0.001,0.33,0.426,0.001,0,0,0.006,-0.002,2.43,0,0,0.001,0.017,0.399,0.488,0.486,0.198,0,0.183,0.095,0.118,0,0.011,0.047,0.001,0.043,0.039,0.125,0.003,0.184,0.191,0.291,-0.001,0.001,0.011,0.013,0.014,0,0.005,0.009,-0.002,0.001,0.024,0.03,
CV,11/17/2021,14:43:31, ,31,0.051,0.004,2.101,2.085,2.058,2.034,2.075,2.063,2.085,2.346,1.793,2.065,1.953,2.044,2.14,2.105,2.101,2.167,2.016,1.989,2.045,2.083,2.154,2.33,13.09,2.044,1.811,2.075,10.83,2.034,0.103,0.062,0.089,2.104,2.022,8.828,8.818,9.006,1.905,1.827,2.11,1.985,2.008,2.007,1.954,
S IPC,11/17/2021,14:46:02, ,32,0,0,0.021,0.025,0,0.002,0.002,0.002,0.001,0.101,0.001,0.002,0.001,0.004,0.021,0.025,0.025,0.004,0.002,0.012,0.006,0.008,0.002,0.004,0.029,-0.001,-0.007,-0.015,0.024,-0.01,26.57,26.52,26.62,0.001,0,0.016,0.019,0.021,0.001,0.002,0.002,0,0.001,0.003,0.005,
Calibration Blank,11/17/2021,14:52:14, ,33,0,0,0.007,0.012,0,-0.001,-0.002,0,0,0.028,0,0,0,0.001,0.005,0.006,0.007,0,0,0.004,0.001,0.002,0,-0.001,-0.019,0,-0.006,-0.003,0.007,-0.001,0.004,0.016,0.049,-0.001,0,0.001,-0.001,0.003,0,0,0,-0.001,0,0.001,0,
3,11/17/2021,14:54:48, ,34,-0.022,-0.032,24.28,29.71,0.455,0.057,0.031,-0.003,-0.03,30.11,0.076,0.085,0.175,4.773,27.13,29.61,29.7,0.006,0.001,14.77,4.675,5.043,0.002,0.003,7.751,0.171,3.75,4.299,24.96,0.844,11.66,11.38,13.29,0,0.098,0.02,0.021,0.013,-0.001,0.001,0,-0.011,0.475,4.354,4.557,
4,11/17/2021,14:59:39, ,35,0.022,0.012, ,289.5,0.299,-0.052,-0.053,0.851,-0.042,105.5,0.005,0.1,0.358,0.375,158.8,289.7,308.4,19.97,0.42,105.5,5.654,6.457,0.087,6.262,47.61,0.328,9.332,9.793,12.15,0.401,4.809,4.744,5.677,-0.035,-0.037,6.34,7.271,7.378,0.019,1.06,11.46,-0.003,0.379,1.482,1.662,
5,11/17/2021,15:02:15, ,36,0.022,0.014, ,317.6,0.322,-0.117,-0.092,0.913,-0.045,113.2,0.006,0.109,0.388,0.402,161.4,309.9,332.2,21.95,0.466,114.1,6.098,6.986,0.094,6.958,51.24,0.354,10.14,10.54,12.93,0.429,5.184,5.135,6.07,-0.038,-0.057,7.988,9.231,9.21,0.023,1.158,12.31,0.004,0.409,1.59,1.782,
6,11/17/2021,15:04:51, ,37,0.023,0.018, ,387,0.385,-0.256,-0.177,1.107,-0.058,140.3,0.006,0.128,0.473,0.507,178.7,369.3,403.3,27.31,0.572,136.5,7.179,8.386,0.112,8.509,62.95,0.425,11.88,12.51,15.57,0.5,6.067,6.074,7.353,-0.046,-0.08,9.127,10.28,10.33,0.028,1.4,15.09,0,0.504,1.926,2.086,
7,11/17/2021,15:07:31, ,38,-0.001,-0.001,0.333,0.572,-0.007,0.001,-0.001,0.001,0,0.206,0.001,0,0,0.004,0.48,0.602,0.6,0.035,0,0.196,0.009,0.012,0,0.013,0.255,-0.002,0.028,0.029,-0.026,0.001,0.006,0.018,0.065,0,0.007,0.033,0.041,0.044,-0.002,0.002,0.02,-0.004,0.001,0.003,0.004,
8,11/17/2021,15:10:06, ,39,0,-0.001,0.048,0.083,-0.003,-0.001,-0.002,0,0,0.038,0.001,0,0,0.003,0.071,0.089,0.089,-0.006,-0.001,0.03,0.001,0.002,0,0.002,0.184,-0.002,0.022,0.024,-0.039,-0.001,0.002,0.015,0.059,0.001,0.005,0.021,0.025,0.024,-0.002,0,0.003,-0.003,0,0.004,0.004,
9,11/17/2021,15:12:40, ,40,0,-0.001,0.019,0.028,-0.003,-0.001,-0.003,0,0,0.017,0.001,0,0,0.003,0.02,0.025,0.024,-0.006,-0.001,0.009,0,0,0,0.001,0.167,-0.003,0.014,0.02,-0.044,0,0.007,0.01,0.077,-0.001,0.006,0.018,0.021,0.026,-0.002,0,0.001,-0.005,0,0,0.001,
10,11/17/2021,15:15:15, ,41,0,-0.001,0.009,0.015,-0.003,-0.001,-0.003,0,0,0.013,0.001,0,0,0.002,0.006,0.008,0.008,-0.008,-0.001,0.003,0,0,0,0,0.172,-0.003,0.014,0.014,-0.042,-0.001,0.006,0.011,0.05,0,0.008,0.017,0.021,0.026,-0.002,0,0.001,-0.004,0,0,0,
11,11/17/2021,15:17:49, ,42,-0.132,-0.126,90.63,124.4,0.198,0.367,0.425,2.329,-1.618,1663,0.025,0.046,0.089,2.961,79.31,114.6,117.4,86.31,0.17,64.06,20.67,28.13,0.024,5.207,22.85,0.06,14.48,13.75,26.86,0.387,78.97,76.35,94.07,0.005,0.049,4.546,5.263,5.183,0.098,3.321,3.515,-0.053,0.171,5.209,5.953,
12,11/17/2021,15:20:16, ,43,-0.125,-0.12,85.17,109.3,0.203,0.503,0.571,2.078,-1.448,1490,0.022,0.045,0.092,2.343,83.82,121.3,124.6,94.88,0.159,59.21,17.63,22.81,0.025,4.794,23.18,0.063,14.12,13.71,24.3,0.324,88.36,87.21,104.9,0,0.035,4.982,5.65,5.61,0.088,3.051,3.893,-0.046,0.215,4.682,5.338,
12 dup,11/17/2021,15:22:43, ,44,-0.124,-0.119,84.82,112,0.204,0.503,0.577,2.084,-1.461,1504,0.022,0.046,0.092,2.348,84.4,124,127.4,97.5,0.161,60.62,17.81,23.36,0.024,4.933,23.75,0.063,14.53,13.9,24.46,0.326,89.39,88.09,105.9,0.001,0.038,5.328,6.084,6.001,0.09,3.092,3.909,-0.046,0.216,4.693,5.379,
spike 2,11/17/2021,15:25:10, ,45,0.005,-0.007, ,194.1,0.791,0.206,0.25,2.062,-0.719,759,0.088,0.156,0.325,7.671,141.5,255.3,270.4,84.34,0.216,90.72,24.23,33.41,0.022,6.686,38.4,0.253,25.67,27.12,61.35,1.166,65.48,65.55,80.39,-0.011,0.064,4.897,5.604,5.566,0.053,1.712,6.29,-0.05,0.807,7.785,8.833,
Lblank,11/17/2021,15:27:39, ,46,0,-0.001,0.221,0.245,-0.001,-0.001,-0.002,0.003,-0.001,1.365,0,0.001,0,0.009,0.354,0.393,0.392,0.131,0,0.127,0.042,0.048,0,0.011,0.033,0,0.029,0.033,0.074,0.001,0.121,0.133,0.197,0,-0.003,0.011,0.012,0.015,-0.001,0.003,0.009,-0.002,0.001,0.013,0.016,
CV,11/17/2021,15:30:15, ,47,0.044,-0.002,2.105,2.081,2.07,2.033,2.086,2.077,2.103,2.282,1.816,2.092,1.978,2.026,2.161,2.122,2.099,2.185,2.018,2.001,2.046,2.09,2.178,2.348,13.29,2.068,1.77,2.054,10.77,2.052,0.106,0.066,0.135,2.12,2.034,8.903,8.914,8.976,1.925,1.796,2.107,1.994,2.016,2.041,1.99,
S IPC,11/17/2021,15:32:46, ,48,0,0,0.016,0.018,0,0,0,0.002,0.001,0.113,0.001,0.001,0.001,0.003,0.024,0.027,0.028,0.013,0.002,0.011,0.004,0.005,0.001,0.007,0.019,-0.001,-0.004,-0.009,0.004,-0.01,26.8,26.77,26.86,0.001,0.004,0.015,0.017,0.021,0.001,0.002,0.002,0,0.001,0.003,0.004,
13,11/17/2021,15:35:19, ,49,0.003,-0.001, ,185,0.403,0.519,0.581,2.55,-0.948,991.9,0.024,0.071,0.143,4.023,114.6,177.2,184.5,98.1,0.209,82.09,22.8,30.58,0.019,4.519,32.2,0.103,13.3,13.48,31.56,0.588,77.88,77.61,94.65,-0.004,0.024,5.763,6.699,6.672,0.066,2.331,5.39,-0.046,0.259,7.411,8.402,
14,11/17/2021,15:37:46, ,50,-0.122,-0.114,74.44,98.04,0.138,0.617,0.708,2.013,-1.644,1687,0.021,0.037,0.069,1.991,66.27,91.51,93.17,89.56,0.148,56.51,18.55,25.1,0.024,5.188,19.82,0.048,12.1,11.11,19.87,0.276,86.69,85.18,102.8,0.007,0.043,4.692,5.385,5.28,0.101,3.352,3.08,-0.053,0.141,3.969,4.565,
15,11/17/2021,15:40:15, ,51,-0.109,-0.1,59.7,74.63,0.11,0.804,0.909,1.749,-1.661,1699,0.02,0.028,0.052,1.827,52.7,68.82,69.67,123.6,0.123,49.14,17.74,23.73,0.024,4.654,15.24,0.031,11.9,11.11,19.61,0.23,117.6,116.3,137.4,0.009,0.041,5.585,6.287,6.175,0.1,3.236,2.202,-0.051,0.101,3.431,3.87,
16,11/17/2021,15:42:40, ,52,-0.124,-0.128,100.2,137.8,0.283,0.433,0.497,2.418,-1.379,1420,0.028,0.054,0.109,3.125,86.31,127.9,131.4,98.24,0.179,69.11,35.68,55.88,0.023,5.137,22.14,0.084,16.03,15.61,29.72,0.448,86.55,84.69,100.9,0.005,0.045,4.946,5.58,5.546,0.083,3.25,3.295,-0.089,0.184,4.967,5.563,
17,11/17/2021,15:45:07, ,53,0.027,0.011, ,265,0.631,0.677,0.831,3.923,-1.015,1067,0.051,0.102,0.205,7.78,134.9,243.8,258.8,153.2,0.283,98.77,47.08,88.23,0.022,6.617,39.44,0.139,22.9,24.22,59.1,0.896,122,124.6,152.9,-0.004,0.025,6.928,7.971,7.912,0.072,2.71,6.316,-0.119,0.344,9.461,10.86,
18,11/17/2021,15:47:36, ,54,0.019,0.007, ,292.8,0.652,0.623,0.808,4.388,-1.248,1308,0.05,0.112,0.228,7.354,141.3,264.5,282.9,163.1,0.316,113.3,46.92,87.78,0.024,8.111,45.24,0.145,26.02,26.49,58.88,0.871,131.1,134.8,169.3,-0.007,0.025,7.008,8.092,8.011,0.086,3.252,7.655,-0.119,0.386,9.982,11.88,
19,11/17/2021,15:49:50, ,55,0.02,0.01, ,287.5,0.622,0.431,0.559,4.384,-1.156,1216,0.047,0.106,0.226,7.773,143.8,265.4,283.7,137.4,0.307,111.6,39.91,65.57,0.02,7.345,46.33,0.145,22.72,23.78,58.76,0.87,110.8,111.8,136.7,-0.009,0.005,5.751,6.488,6.408,0.083,3.05,7.981,-0.095,0.393,10.05,11.52,
20,11/17/2021,15:52:21, ,56,0.013,0.002, ,254.2,0.546,0.414,0.511,3.854,-1.163,1217,0.043,0.095,0.202,6.471,132.9,234.5,248.5,113.7,0.277,98,39.48,65.18,0.021,6.579,39.74,0.13,22.16,22.55,51.45,0.817,99.03,98.96,120.9,-0.005,0.022,6.025,6.883,6.793,0.079,2.896,6.511,-0.093,0.35,9.087,10.49,
21,11/17/2021,15:54:50, ,57,0.003,-0.003, ,171,0.384,0.266,0.312,2.174,-0.73,771.2,0.018,0.095,0.194,3.196,140.6,243.3,257.2,87.72,0.225,79.92,22.77,30.34,0.022,6.942,35.86,0.132,23.59,24.44,38.81,0.566,58.58,58.19,71.49,-0.009,-0.002,5.212,6.044,6.056,0.053,1.729,6.544,-0.044,0.433,4.742,5.35,
22,11/17/2021,15:57:15, ,58,-0.112,-0.124,111.9,147.9,0.528,0.667,0.742,2.081,-0.447,482.8,0.02,0.103,0.188,4.584,137,226.8,238.6,136.7,0.184,72.88,25.83,34.47,0.022,6.507,37.55,0.136,23.25,24.03,44.69,0.852,97.19,98.27,117.9,-0.011,0.017,4.541,5.045,5.046,0.035,1.278,6.392,-0.05,0.409,6.526,7.229,
22 dup,11/17/2021,15:59:42, ,59,-0.112,-0.122,111.6,149.4,0.529,0.647,0.757,2.069,-0.443,478.5,0.019,0.103,0.188,4.458,135.8,227.3,239.3,139.1,0.193,73.19,25.61,34.67,0.022,6.655,37.71,0.138,22.49,23.66,43.91,0.856,95.78,97.2,119.1,-0.011,0.013,4.548,5.302,5.249,0.034,1.27,6.411,-0.044,0.408,6.473,7.22,
spike 3,11/17/2021,16:02:09, ,60,0.014,-0.003, ,173.2,0.959,0.603,0.699,1.994,-0.459,493.8,0.092,0.17,0.329,8.941,141.3,244.1,257.7,133,0.182,84.52,27.46,38.01,0.021,6.314,41.01,0.269,25.99,27.4,66.73,1.48,104.1,105.2,129.7,-0.007,0.085,4.051,4.692,4.656,0.038,1.245,6.132,-0.054,0.806,9.806,11.12,
Lblank,11/17/2021,16:04:36, ,61,0,0,0.179,0.235,-0.002,0,-0.001,0.003,-0.001,0.768,0,0,0,0.009,0.309,0.4,0.4,0.254,0,0.122,0.044,0.057,0,0.023,0.06,0,0.04,0.037,0.082,0.002,0.179,0.179,0.29,-0.001,0.002,0.011,0.015,0.017,0,0.002,0.008,-0.003,0.001,0.015,0.019,
CV,11/17/2021,16:07:12, ,62,0.045,-0.001,2.158,2.079,2.079,2.054,2.081,2.1,2.126,2.269,1.824,2.092,1.967,2.046,2.205,2.148,2.125,2.292,2.004,2,2.076,2.102,2.176,2.363,13.27,2.07,1.851,2.111,10.85,2.049,0.148,0.105,0.205,2.098,2.045,8.853,8.929,9.081,1.928,1.783,2.123,2.002,2.023,2.057,2.008,
S IPC,11/17/2021,16:09:42, ,63,0,0,0.021,0.028,0.003,0.001,0.001,0.002,0.001,0.108,0.001,0.002,0.002,0.003,0.038,0.042,0.042,0.06,0.002,0.015,0.007,0.009,0.002,0.015,0.01,-0.001,0.001,-0.011,0.013,-0.009,27.45,27.27,27.35,0.002,0.002,0.017,0.019,0.024,0.001,0.002,0.003,-0.002,0.002,0.004,0.005,
23,11/17/2021,16:12:15, ,64,0.022,0.009, ,200.2,0.495,0.396,0.483,2.454,-0.396,440.5,0.019,0.116,0.286,4.434,153.4,282.1,301.2,95.84,0.234,93.41,28.46,39.93,0.015,6.087,42.89,0.194,19.32,20.12,39.53,0.559,71.68,72.06,89.52,-0.02,-0.009,5.708,6.686,6.647,0.039,1.286,8.415,-0.052,0.496,5.951,6.876,
24,11/17/2021,16:14:39, ,65,0.028,0.011, ,187.9,0.708,0.235,0.241,2.624,-0.341,384.8,0.016,0.076,0.202,4.863,128.1,207.9,218.3,113.5,0.349,114,40.27,63.98,0.034,7.624,36.26,0.164,27.68,29.38,50.67,0.441,62.83,63.47,79.38,-0.011,0.024,6.091,7.012,6.991,0.037,1.056,7.019,-0.082,0.285,3.522,4.065,
25,11/17/2021,16:17:03, ,66,-0.097,-0.101,85.12,113.1,0.135,23.19,27.21,27.61,-0.629,654.6,0.02,0.068,0.086,2.462,69.35,90.69,92.46,41.75,0.113,38.62,13.52,16.48,0.01,64.44,117.1,0.059,8.288,8.333,19.22,0.35,22.35,20.86,24.81,-0.004,0.026,5.968,6.908,6.891,0.037,1.769,3.107,-0.03,0.133,24.92,29.09,
26,11/17/2021,16:19:47, ,67,-0.045,-0.047,36.78,44.37,-0.011,32.13,37.4,37.85,-0.157,163.5,0.004,0.05,0.031,0.497,17.58,19.56,19.56,36.85,0.031,9.885,4.303,4.8,0.004,79.03,131.6,0.017,2.242,2.24,4.402,0.082,5.428,4.97,5.727,-0.001,0.007,3.943,4.541,4.558,0.006,0.907,0.753,-0.01,0.028,31.25,36.02,
27,11/17/2021,16:22:20, ,68,-0.041,-0.043,34.4,41.1,0.02,23.74,27.81,29.05,-0.204,211.5,0.007,0.046,0.032,0.726,23.57,26.49,26.57,29.19,0.035,11.5,5.933,6.683,0.004,62.22,104.7,0.021,2.276,2.288,5.519,0.117,7.419,6.784,7.928,0,0.007,5.725,6.431,6.496,0.009,0.833,0.951,-0.013,0.04,24.62,28.1,
28,11/17/2021,16:24:54, ,69,-0.063,-0.065,51.01,63.4,0.037,25.71,30.25,30.28,-0.384,397.7,0.009,0.051,0.046,1.149,37.32,44,44.35,35.16,0.06,20.64,7.781,8.934,0.006,68.33,115,0.03,4.825,4.721,9.724,0.172,11.51,10.93,12.82,-0.001,0.017,4.312,4.941,4.93,0.021,1.265,1.65,-0.018,0.062,25.44,29.44,
29,11/17/2021,16:27:31, ,70,-0.057,-0.059,46.26,57.04,0.012,32.22,37.97,37.64,-0.256,266.1,0.006,0.055,0.041,0.788,27.29,31.06,31.13,38.17,0.045,14.92,6.65,7.548,0.006,81.05,135.6,0.025,2.951,2.953,6.451,0.144,7.526,6.932,8.262,-0.001,0.01,4.593,5.309,5.354,0.012,1.135,1.237,-0.016,0.046,31.22,36.22,
30,11/17/2021,16:30:05, ,71,-0.041,-0.044,36,41.52,0.005,29.84,34.13,35.99,-0.09,94.98,0.003,0.049,0.032,0.53,20.47,22.44,22.47,33.19,0.031,9.908,4.237,4.634,0.004,73.83,126.7,0.018,1.72,1.762,4.14,0.083,4.469,4.147,4.828,-0.003,0.004,4.4,4.898,4.999,0.004,0.739,0.883,-0.012,0.031,29.85,33.94,
31,11/17/2021,16:32:39, ,72,-0.041,-0.044,36.9,42.82,0.015,27.16,31.5,32.51,-0.101,107.2,0.003,0.046,0.033,0.611,22.89,25.56,25.59,31.64,0.033,10.9,6.698,7.492,0.003,68.99,114.7,0.019,2.107,2.196,4.921,0.1,5.107,4.738,5.45,-0.002,0.009,4.142,4.646,4.706,0.004,0.729,0.982,-0.015,0.035,27.08,31.27,
32,11/17/2021,16:35:12, ,73,-0.049,-0.053,45.07,52.26,0.032,27.04,31.01,32.03,-0.147,155.5,0.005,0.05,0.042,0.839,31.7,36.18,36.43,33.01,0.044,15.05,8.278,9.421,0.004,68.84,116.5,0.025,3.083,3.145,6.83,0.133,7.159,6.625,7.695,-0.002,0.009,4.548,5.038,5.177,0.005,0.827,1.403,-0.018,0.051,26.65,30.86,
32 dup,11/17/2021,16:37:46, ,74,-0.049,-0.054,45.17,51.89,0.03,27.54,30.99,33.53,-0.153,162.3,0.005,0.052,0.044,0.831,33.16,37.55,37.73,34.18,0.043,15.1,8.611,9.674,0.004,66.9,123.6,0.026,3.168,3.269,6.97,0.136,7.429,6.871,8.154,-0.003,0.009,4.963,5.521,5.671,0.007,0.81,1.433,-0.018,0.053,28.77,33.12,
spike4,11/17/2021,16:40:20, ,75,0.023,0.004, ,217.2,0.898,0.466,0.605,2.425,-0.417,460.3,0.09,0.179,0.423,8.971,155.4,297.3,319.1,94.69,0.232,104.9,29.95,43.51,0.019,6.151,46.6,0.315,21.8,23.17,62.65,1.189,78.86,79.92,101.1,-0.018,0.066,5.252,6.132,6.122,0.038,1.257,8.118,-0.056,0.889,9.253,10.79,
Lblank,11/17/2021,16:42:44, ,76,0,0,0.157,0.203,-0.001,0.079,0.085,0.011,-0.001,0.474,0,0,0,0.007,0.258,0.325,0.325,0.153,0,0.103,0.033,0.043,0,0.054,0.098,0,0.025,0.017,0.058,0,0.092,0.096,0.151,-0.001,0.002,0.01,0.013,0.013,0,0.001,0.007,-0.003,0.001,0.02,0.022,
CV,11/17/2021,16:45:22, ,77,0.044,-0.002,2.145,2.02,2.07,2.133,2.112,2.091,2.116,2.082,1.82,2.082,1.968,2.076,2.145,2.07,2.054,2.21,1.965,1.948,2.059,2.048,2.163,2.35,13.35,2.057,1.838,2.082,10.97,2.052,0.102,0.059,0.134,2.105,2.029,8.897,8.765,9.131,1.923,1.812,2.129,1.987,2.027,2.047,1.972,
S IPC,11/17/2021,16:47:53, ,78,0,0,0.014,0.016,0,0.044,0.051,0.004,0.001,0.036,0.001,0.001,0.001,0.002,0.02,0.021,0.02,0.052,0.001,0.008,0.004,0.004,0.002,0.029,0.012,-0.001,-0.007,-0.011,0.016,-0.009,26.36,26.4,27,0.001,0.001,0.014,0.018,0.016,0.002,0.001,0.002,-0.001,0.001,0.005,0.006,
33,11/17/2021,16:50:27, ,79,-0.067,-0.072,56.18,67.81,0.121,0.463,0.495,1.625,-0.702,726.1,0.016,0.039,0.063,2.072,58.87,75.26,76.52,68.64,0.095,38.52,26.95,37.72,0.012,3.515,16.65,0.041,13.92,13.79,22.57,0.25,65.16,64.44,76.81,-0.001,0.041,3.955,4.523,4.503,0.041,1.639,2.631,-0.057,0.109,3.224,3.589,
34,11/17/2021,16:52:52, ,80,-0.065,-0.074,60.85,75.67,0.168,0.508,0.557,1.775,-0.622,644,0.017,0.043,0.07,2.057,63.33,81.8,83.24,61.79,0.096,38.4,33.3,49.02,0.011,4.049,16.65,0.043,14.88,15.05,24.25,0.286,65.85,65.54,80.18,0,0.041,4.436,5.106,5.124,0.036,1.512,2.445,-0.068,0.128,3.351,3.823,
35,11/17/2021,16:55:19, ,81,-0.047,-0.05,35.45,43.26,0.144,0.425,0.464,1.1,-0.553,568.9,0.009,0.026,0.041,0.989,44.71,54.26,54.86,58.27,0.068,27.11,18.78,23.84,0.009,2.673,10.04,0.025,9.528,9.295,13.64,0.148,58.78,57.77,69.25,0.002,0.034,3.413,3.895,3.881,0.031,1.281,1.442,-0.039,0.106,2.031,2.228,
36,11/17/2021,16:57:42, ,82,-0.052,-0.054,44.68,54.95,0.031,25.44,29.76,30.14,-0.26,271.1,0.006,0.048,0.04,0.933,32.23,36.84,37,32.38,0.049,16.3,4.967,5.569,0.006,67.15,110.5,0.028,2.904,2.892,7.065,0.151,8.9,8.125,9.539,-0.003,0.011,5.166,5.749,5.859,0.013,0.961,1.4,-0.013,0.055,25.57,29.18,
37,11/17/2021,17:00:22, ,83,-0.051,-0.052,37,45.24,0.001,27.35,31.97,32.13,-0.346,357.3,0.006,0.047,0.038,0.66,23.92,26.94,26.91,33.19,0.043,14.25,4.139,4.596,0.006,71.62,118.4,0.021,3.13,2.95,5.857,0.108,8.426,7.498,8.655,0,0.013,3.511,3.979,3.978,0.017,1.153,1.091,-0.014,0.041,26.77,30.58,
38,11/17/2021,17:02:58, ,84,-0.047,-0.048,35.66,43.37,0.003,24.6,28.54,29.01,-0.315,325.4,0.005,0.044,0.035,0.663,23.88,27.01,27.04,30.87,0.041,13.52,5.902,6.65,0.004,63.78,108.2,0.022,2.775,2.65,5.62,0.113,8.009,7.171,8.443,0,0.006,4.227,4.637,4.779,0.017,1.012,1.011,-0.016,0.039,24.25,28.02,
39,11/17/2021,17:05:33, ,85,-0.034,-0.034,23.11,26.97,-0.031,27.7,32.77,33.01,-0.167,171.2,0.001,0.039,0.018,0.165,6.827,7.243,7.219,29.95,0.019,5.487,1.438,1.539,0.003,70.72,116.1,0.008,1.864,1.759,2.453,0.043,3.351,2.947,3.429,0,0.005,3.029,3.503,3.517,0.005,0.799,0.312,-0.009,0.011,27.4,30.59,
40,11/17/2021,17:08:07, ,86,-0.053,-0.055,40.21,49.74,0.006,24.55,28.84,29.25,-0.387,399.4,0.007,0.045,0.038,0.838,26.8,30.61,30.75,31.4,0.047,15.66,8.755,10.14,0.006,64.96,108.1,0.023,3.523,3.392,7.113,0.13,9.614,9.156,10.75,0,0.016,3.887,4.469,4.451,0.02,1.154,1.099,-0.018,0.043,24.18,27.95,
41,11/17/2021,17:10:45, ,87,-0.051,-0.054,39.6,49.13,0.003,26.27,30.51,31.01,-0.356,366.7,0.006,0.046,0.036,0.741,25.34,28.8,28.86,32.56,0.045,14.74,9.022,10.42,0.005,68.65,114.3,0.022,3.041,2.939,6.204,0.123,8.638,8.213,9.531,0.001,0.015,4.085,4.525,4.649,0.019,1.143,1.042,-0.022,0.04,25.55,29.78,
42,11/17/2021,17:13:23, ,88,-0.043,-0.045,34.09,41.52,-0.006,29.1,33.99,34.17,-0.212,219.3,0.003,0.047,0.03,0.489,19.21,21.48,21.5,33.45,0.033,10.92,5.539,6.229,0.004,74.55,121.9,0.018,1.996,1.947,4.137,0.087,5.886,5.302,6.164,-0.001,0.007,3.207,3.645,3.662,0.009,0.927,0.83,-0.016,0.029,28.28,32.76,
42 dup,11/17/2021,17:16:03, ,89,-0.044,-0.046,34.44,41.71,-0.007,29.02,34.21,34.02,-0.212,219.4,0.003,0.046,0.03,0.483,19.14,21.48,21.48,33.76,0.034,10.98,5.524,6.241,0.004,75.11,120.4,0.018,1.963,1.933,4.105,0.087,5.872,5.267,6.149,0,0.012,3.268,3.764,3.78,0.009,0.938,0.83,-0.015,0.029,28.06,32.47,
spike 5,11/17/2021,17:18:37, ,90,0.03,0.006, ,211.1,1.111,0.329,0.402,2.592,-0.355,397.2,0.087,0.142,0.341,9.268,132.9,223.5,235.7,110,0.336,122.9,40.95,66.12,0.032,7.524,40.34,0.282,30.02,31.84,73.24,1.071,70.88,71.7,90.09,-0.014,0.099,5.791,6.607,6.59,0.037,1.02,6.766,-0.088,0.685,6.855,8.017,
Lblank,11/17/2021,17:21:01, ,91,0,0,0.168,0.242,-0.001,0.092,0.1,0.015,-0.001,0.537,0,0,0,0.008,0.22,0.301,0.3,0.205,0,0.148,0.058,0.081,0,0.071,0.124,0.001,0.032,0.03,0.077,0.001,0.09,0.095,0.178,-0.001,0.001,0.011,0.012,0.019,0,0.001,0.006,-0.002,0.001,0.021,0.025,
CV,11/17/2021,17:23:38, ,92,0.044,-0.003,2.128,2.049,2.084,2.13,2.156,2.101,2.12,2.176,1.81,2.076,1.96,2.052,2.157,2.1,2.085,2.265,1.986,1.983,2.07,2.084,2.176,2.38,13.4,2.063,1.836,2.1,10.85,2.048,0.108,0.075,0.143,2.097,2.05,8.839,8.87,9.118,1.922,1.816,2.122,1.997,2.021,2.052,2.003,
S IPC,11/17/2021,17:26:09, ,93,0,0,0.013,0.018,-0.001,0.053,0.075,0.004,0.001,0.053,0.001,0.001,0.001,0.002,0.02,0.021,0.021,0.062,0.001,0.01,0.006,0.007,0.002,0.037,0.021,-0.001,0,-0.015,0.015,-0.01,26.94,27.1,28.3,0.001,0.002,0.016,0.02,0.022,0.001,0.002,0.002,-0.001,0.001,0.006,0.008,
43,11/17/2021,17:28:43, ,94,-0.074,-0.076,60.18,77.7,0.053,24.76,29.45,28.97,-0.538,556.5,0.01,0.054,0.056,1.409,45.87,55.69,56.38,36.27,0.079,26.12,11.51,13.81,0.008,68.5,115,0.038,4.794,4.579,10.76,0.225,14.98,13.64,15.96,0.001,0.026,5.067,5.735,5.747,0.033,1.474,1.916,-0.025,0.079,24.98,28.73,
44,11/17/2021,17:31:24, ,95,-0.111,-0.106,70.34,90.7,0.121,0.585,0.704,2.014,-1.588,1629,0.026,0.037,0.064,2.479,61.25,84.41,85.75,88.81,0.139,52.04,25.11,36.27,0.021,4.885,18.23,0.039,16.88,16.44,27.39,0.329,88.85,88.26,110.3,0.008,0.05,4.263,4.926,4.878,0.097,3.276,2.641,-0.065,0.129,4.243,5.05,
45,11/17/2021,17:33:50, ,96,-0.093,-0.093,69.1,87.82,0.136,0.747,0.853,1.718,-1.068,1099,0.021,0.037,0.072,2.199,65.84,87.35,88.75,98.35,0.123,45.8,21.52,28.47,0.018,4.638,18.84,0.044,14.08,13.64,23.48,0.311,91.03,91.07,111.3,0.002,0.04,4.326,4.975,4.944,0.064,2.101,2.721,-0.051,0.131,4.143,4.723,
46,11/17/2021,17:36:17, ,97,-0.125,-0.122,80.06,107.4,0.107,0.449,0.52,2.309,-1.761,1804,0.025,0.04,0.076,2.199,63.23,87.37,88.78,81.03,0.172,56.91,33.89,52.01,0.022,5.276,18.48,0.056,16.37,15.74,25.59,0.332,83.75,80.84,98.73,0.009,0.051,4.93,5.601,5.518,0.105,3.676,2.504,-0.088,0.125,4.325,4.948,
47,11/17/2021,17:38:43, ,98,-0.043,-0.047,48.23,60.11,0.13,25.11,29.85,29.96,-0.274,287.1,0.009,0.051,0.051,1.974,41.12,47.18,48.93,35.85,0.057,16.84,11.72,13.82,0.008,67.89,113.9,0.031,3.301,3.351,12.05,0.35,9.341,8.624,10.3,-0.005,0.016,5.029,5.718,5.767,0.016,0.918,1.826,-0.024,0.078,25.46,29.49,
48,11/17/2021,17:41:19, ,99,-0.027,-0.032,25.05,30.77,0.056,20.02,23.85,24.47,-0.181,187.4,0.008,0.04,0.03,1.1,20.85,23.8,23.84,26.93,0.03,8.502,14.35,16.99,0.005,55,89.33,0.016,3.029,3.067,7.817,0.147,6.903,6.44,7.848,-0.001,0.016,3.413,3.915,3.943,0.009,0.666,0.796,-0.027,0.042,20.7,24.08,
49,11/17/2021,17:43:54, ,100,-0.034,-0.038,30.29,37.38,0.097,16.32,19.56,19.62,-0.288,298.6,0.009,0.037,0.036,1.603,31.74,37.28,37.39,25.61,0.044,12.77,11.42,13.4,0.006,47.63,77.76,0.023,3.006,2.974,9.966,0.216,8.289,7.639,9.337,-0.001,0.02,3.771,4.4,4.416,0.015,0.74,1.296,-0.026,0.061,17.49,20.44,
50,11/17/2021,17:46:29, ,101,-0.015,-0.017,11.53,14.14,-0.012,18.87,21.74,24.66,-0.034,35.09,0.001,0.031,0.011,0.203,3.815,3.959,3.948,20.33,0.009,2.558,3.159,3.369,0.002,49.74,80.75,0.005,0.465,0.48,1.354,0.032,1.498,1.392,1.736,-0.001,0.005,1.842,2.127,2.128,-0.002,0.4,0.148,-0.009,0.006,20.43,22.54,
51,11/17/2021,17:48:58, ,102,-0.019,-0.022,17.32,20.6,0.042,14.02,16.9,17.28,-0.124,129,0.005,0.03,0.023,0.809,18.04,19.91,19.91,20.01,0.023,6.963,8.319,9.457,0.003,41.12,66.12,0.012,1.985,1.943,5.479,0.115,4.549,4.166,5.087,-0.001,0.011,3.46,3.903,3.944,0.005,0.444,0.717,-0.017,0.034,15.61,17.43,
52,11/17/2021,17:51:31, ,103,-0.031,-0.031,16.67,20.87,-0.008,14.53,17.28,17.81,-0.43,439.6,0.005,0.028,0.019,0.465,15.4,17.28,17.16,21.18,0.031,10.24,6.252,7.197,0.006,43.11,70.64,0.012,3.259,3.007,4.932,0.08,6.293,5.765,6.932,0.002,0.018,2.968,3.498,3.521,0.024,1.026,0.553,-0.019,0.025,15.72,17.64,
52 dup,11/17/2021,17:54:04, ,104,-0.031,-0.031,16.6,20.21,-0.012,14.53,17.57,17.76,-0.439,449.3,0.005,0.028,0.019,0.466,15.37,17.26,17.14,21.07,0.03,10.42,6.229,7.174,0.006,43.77,70.63,0.012,3.338,3.031,4.993,0.082,6.079,5.783,6.938,0.002,0.016,3.227,3.739,3.756,0.024,1.047,0.552,-0.018,0.025,15.66,17.83,
spike 6,11/17/2021,17:56:37, ,105,-0.111,-0.121,101,138.2,0.547,21.94,26.24,25.65,-0.612,636.7,0.089,0.13,0.222,6.876,78.75,109.7,112.5,40.02,0.113,50.25,15.69,19.92,0.01,63,110.7,0.186,11.24,11.69,41.98,0.975,31.03,30.48,37.8,-0.005,0.098,5.098,5.93,5.918,0.037,1.68,2.908,-0.035,0.526,25.55,30.92,
Lblank,11/17/2021,17:59:02, ,106,0,0,0.094,0.105,0.001,0.105,0.119,0.027,-0.001,0.647,0,0,0,0.005,0.083,0.101,0.101,0.095,0,0.041,0.017,0.018,0,0.102,0.129,0,0.01,0.006,0.036,0,0.037,0.04,0.083,-0.001,0.003,0.009,0.009,0.015,0,0.002,0.002,-0.001,0,0.033,0.04,
CV,11/17/2021,18:01:38, ,107,0.049,0.002,2.136,2.039,2.11,2.154,2.16,2.13,2.14,2.299,1.85,2.131,2.012,2.079,2.179,2.129,2.111,2.254,1.946,1.986,2.092,2.117,2.216,2.389,13.62,2.108,1.866,2.119,11.03,2.101,0.106,0.07,0.147,2.147,2.078,9.066,9.056,9.218,1.97,1.786,2.155,2.033,2.056,2.113,2.112,
S IPC,11/17/2021,18:04:08, ,108,0,0,0.008,0.009,0,0.047,0.05,0.004,0.001,0.053,0.001,0.001,0.001,0.002,0.009,0.01,0.01,0.051,0.001,0.005,0.003,0.003,0.002,0.037,0.031,-0.001,-0.005,-0.015,0.017,-0.011,27.22,27.21,27.53,0,0,0.014,0.017,0.02,0.001,0.001,0.001,0,0.001,0.006,0.006,
53,11/17/2021,18:06:41, ,109,-0.037,-0.036,21.05,26.16,0.014,14.34,17.42,17.05,-0.478,489.4,0.009,0.029,0.024,0.838,19.27,22.7,22.61,21.82,0.038,12.21,5.049,5.891,0.006,44.36,69.16,0.017,2.6,2.33,5.928,0.098,6.627,6.402,7.828,0,0.011,4.288,5.015,5.121,0.025,1.06,0.745,-0.017,0.039,14.97,17.94,
54,11/17/2021,18:09:18, ,110,-0.034,-0.037,27.07,33.09,0.028,16.31,19.48,20.06,-0.253,263.2,0.007,0.037,0.039,0.841,29.56,34,34.03,25.15,0.039,13.34,6.942,7.912,0.005,46.02,76.01,0.023,4.227,4.209,7.951,0.118,7.224,6.644,8.085,-0.001,0.013,4.504,5.144,5.245,0.014,0.783,1.169,-0.017,0.058,17.57,20.03,
55,11/17/2021,18:11:52, ,111,-0.015,-0.016,10.55,12.98,-0.018,15.19,18.21,20.02,-0.072,74.73,0.002,0.025,0.012,0.14,4.562,5.339,5.338,18.47,0.011,3.659,1.805,1.932,0.002,44.55,67.44,0.005,0.868,0.827,1.425,0.02,2.396,2.217,2.748,0,0.006,2.407,2.735,2.727,0.001,0.436,0.212,-0.009,0.007,16.63,18.64,
56,11/17/2021,18:14:22, ,112,-0.014,-0.016,10.43,12.61,-0.014,15.34,18.06,20.16,-0.042,43.86,0.001,0.026,0.011,0.15,4.522,5.055,5.035,17.94,0.009,2.858,1.797,1.902,0.001,43.74,67.16,0.005,0.982,0.992,1.642,0.042,1.86,1.729,2.081,0.002,0.004,2.313,2.643,2.633,-0.001,0.367,0.189,-0.007,0.007,16.56,18.53,
57,11/17/2021,18:16:52, ,113,-0.014,-0.015,10.92,13.52,-0.012,16.15,19.45,21.49,-0.029,30.38,0.001,0.027,0.011,0.138,4.494,5.098,5.084,18.68,0.009,2.867,1.244,1.323,0.002,45.92,72.21,0.005,1.018,1.028,1.607,0.021,1.565,1.49,1.812,-0.001,0.003,1.966,2.266,2.274,0,0.37,0.201,-0.006,0.008,17.87,19.61,
58,11/17/2021,18:19:22, ,114,-0.005,-0.005,2.112,2.556,0.002,0.137,0.181,0.168,-0.091,93.03,0.002,0.002,0.003,0.117,3.693,3.849,3.836,6.727,0.005,2.478,3.486,3.724,0.001,0.504,1.025,0,1.573,1.528,1.989,0.013,6.131,5.781,7.18,0,0.008,1.283,1.505,1.503,0.002,0.157,0.149,-0.008,0.006,0.229,0.26,
59,11/17/2021,18:21:51, ,115,-0.076,-0.09,75.6,97.94,0.277,0.492,0.53,1.579,-0.402,422.2,0.009,0.072,0.152,1.765,111.5,168.2,174.1,107.9,0.182,63.02,20.83,26.93,0.012,4.196,17.25,0.123,16.76,17.05,24.8,0.307,67.35,67.26,84.84,-0.007,0.03,3.368,3.952,3.917,0.022,0.976,2.615,-0.039,0.317,3.06,3.468,
60,11/17/2021,18:24:18, ,116,-0.053,-0.062,44.57,56.43,0.12,0.233,0.237,1.426,-0.632,652.5,0.014,0.038,0.083,1.586,64.54,84.12,85.5,37.46,0.104,36.71,29.72,42.67,0.012,3.359,13.2,0.053,14.49,14.69,21.78,0.201,27.21,25.87,32.07,0.001,0.047,3.913,4.543,4.524,0.035,1.292,1.918,-0.062,0.136,2.564,2.933,
61,11/17/2021,18:26:45, ,117,-0.051,-0.059,34.83,42.78,0.079,0.231,0.247,1.566,-0.871,892.8,0.015,0.036,0.053,1.503,48.62,60.44,60.96,46.43,0.078,31.35,35.51,53.6,0.013,4.335,11.52,0.02,24.03,24.12,30.53,0.195,30.05,29.45,36.3,0.005,0.055,3.153,3.702,3.645,0.05,1.662,1.253,-0.079,0.111,2.339,2.707,
62,11/17/2021,18:29:11, ,118,-0.018,-0.019,12.82,15.32,0.006,14.74,17.44,18.36,-0.113,116.2,0.003,0.025,0.013,0.422,8.825,9.598,9.544,18.46,0.014,4.695,2.203,2.419,0.003,42.91,65.92,0.008,1.057,1.055,2.909,0.047,2.555,2.299,2.802,0,0.005,2.623,2.996,3.002,0.002,0.464,0.359,-0.007,0.016,15.72,17.95,
62 dup,11/17/2021,18:31:41, ,119,-0.018,-0.019,12.75,15.58,0.006,14.78,17.83,18.69,-0.111,114.7,0.003,0.025,0.013,0.42,8.865,9.531,9.525,18.73,0.015,4.713,2.167,2.349,0.003,43,66.85,0.008,1.085,1.064,2.853,0.048,2.602,2.29,2.749,0.001,0.005,2.73,3.132,3.142,0.001,0.462,0.361,-0.007,0.016,16.16,17.89,
spike 7,11/17/2021,18:34:11, ,120,-0.065,-0.076,59.07,73.38,0.446,30.74,36.64,36.76,-0.179,185.1,0.079,0.127,0.194,5.16,40.47,46.99,47.33,35.33,0.032,24.2,8.22,9.485,0.005,78.38,134.8,0.169,5.786,6.377,28.96,0.835,15.38,15.03,18.41,-0.002,0.094,3.566,4.116,4.126,0.006,0.895,0.712,-0.018,0.48,33.99,38.9,
Lblank,11/17/2021,18:36:46, ,121,0,0,0.062,0.081,-0.001,0.114,0.137,0.046,0,0.268,0,0,0,0.005,0.053,0.061,0.063,0.098,0,0.028,0.011,0.013,0,0.13,0.18,0.001,0.006,-0.001,0.035,0,0.024,0.035,0.086,-0.001,-0.002,0.008,0.007,0.014,-0.001,0.001,0.001,-0.002,0,0.045,0.053,
CV,11/17/2021,18:39:23, ,122,0.05,0.005,2.119,1.996,2.078,2.117,2.108,2.104,2.097,2.094,1.813,2.083,1.972,2.057,2.124,2.043,2.031,2.22,1.953,1.956,2.065,2.058,2.172,2.362,13.33,2.057,1.773,2.051,10.87,2.041,0.093,0.051,0.134,2.102,2.038,8.851,8.803,9.163,1.92,1.797,2.132,2.018,2.034,2.061,2.016,
S IPC,11/17/2021,18:41:55, ,123,0,0,0.005,0.007,0.001,0.041,0.043,0.004,0.001,0.026,0.001,0.001,0.001,0.001,0.006,0.007,0.008,0.046,0.001,0.003,0.002,0.003,0.001,0.035,0.034,-0.001,-0.003,-0.021,0.006,-0.01,27.17,27,27.59,0.001,0.002,0.013,0.014,0.017,0.002,0.001,0.001,0,0.001,0.005,0.006,
63,11/17/2021,18:44:29, ,124,-0.034,-0.034,19.96,23.7,0.019,13.56,16.16,16.62,-0.414,424.5,0.008,0.028,0.023,0.763,18.57,20.75,20.66,20.01,0.033,10.89,4.686,5.292,0.005,40.71,67.39,0.016,2.32,2.134,5.491,0.092,6.357,5.828,7.03,0.002,0.009,3.856,4.364,4.455,0.021,0.931,0.703,-0.015,0.036,15,16.73,
64,11/17/2021,18:47:03, ,125,-0.035,-0.038,30.43,37.18,0.097,16.52,19.56,19.92,-0.278,288.4,0.01,0.04,0.037,1.706,33.27,38.04,38.22,24.93,0.043,14.22,8.17,9.327,0.007,47.23,78,0.025,2.665,2.675,10.16,0.19,8.666,7.955,9.459,-0.001,0.015,4.586,5.18,5.341,0.016,0.841,1.34,-0.021,0.066,18.19,20.6,
65,11/17/2021,18:49:39, ,126,-0.018,-0.02,14.47,17.76,0.021,14.31,17.06,18.09,-0.115,119.4,0.003,0.026,0.018,0.538,12.81,14.08,14.04,18.6,0.017,5.984,4.662,5.156,0.003,41.58,64.53,0.009,1.517,1.53,3.89,0.066,3.277,3.03,3.723,0.001,0.009,2.734,3.193,3.215,0.004,0.484,0.52,-0.016,0.024,15.51,17.83,
66,11/17/2021,18:52:10, ,127,-0.049,-0.05,26.55,32.66,0.074,11.75,13.7,13.82,-0.852,872.4,0.018,0.039,0.038,1.381,30.15,35.23,35.19,21.99,0.057,19.42,21.83,28.36,0.012,37.29,64.77,0.032,6.852,6.507,12.69,0.168,15.6,13.98,16.96,0.004,0.033,3.135,3.706,3.657,0.047,1.691,1.238,-0.051,0.068,13.44,15.36,
67,11/17/2021,18:54:49, ,128,-0.017,-0.018,10.21,12.45,0.041,0.156,0.183,0.427,-0.277,285.2,0.005,0.008,0.015,0.675,17.06,18.78,18.73,11.29,0.025,8.373,5.847,6.524,0.005,1.052,4.133,0.007,3.101,3.016,5.987,0.148,12.04,11.7,14.54,0.001,0.013,2.42,2.796,2.792,0.013,0.489,0.721,-0.017,0.034,0.715,0.793,
68,11/17/2021,18:57:22, ,129,-0.024,-0.027,16.75,20.63,0.071,0.122,0.121,0.725,-0.387,398.8,0.007,0.017,0.038,1.233,32.47,37.42,37.44,11.02,0.032,18.04,13.88,16.43,0.008,1.851,6.859,0.027,5.178,5.16,10.69,0.108,8.03,7.557,9.187,0.002,0.023,2.923,3.382,3.385,0.021,0.719,1.115,-0.029,0.076,1.15,1.288,
69,11/17/2021,18:59:55, ,130,-0.043,-0.047,29.17,36.9,0.153,0.096,0.092,1.51,-0.784,806.7,0.013,0.027,0.042,2.251,43.96,57.03,57.42,22.56,0.069,29.2,27.38,37.78,0.012,2.906,12.96,0.028,10.46,10.22,20.17,0.225,18.81,16.89,20.35,0.002,0.038,4.259,4.971,4.956,0.045,1.488,2.121,-0.061,0.103,2.479,2.844,
70,11/17/2021,19:02:34, ,131,-0.022,-0.025,21.15,25.4,0.065,14.89,17.71,19.49,-0.091,96.48,0.004,0.033,0.027,0.934,19.4,21.49,21.44,21.02,0.037,11.61,8.152,9.085,0.004,43.03,68.19,0.027,2.43,2.529,6.679,0.114,6.107,5.818,7.089,0,0.011,2.629,3.036,3.042,0.004,0.439,0.765,-0.017,0.028,16.14,18.2,
71,11/17/2021,19:05:09, ,132,-0.021,-0.023,18.14,21.7,0.037,16.37,19.6,21.5,-0.098,103,0.003,0.033,0.023,0.579,13.17,14.83,14.82,20.83,0.028,8.479,10.45,11.95,0.006,46.14,71.7,0.024,1.614,1.625,4.168,0.061,4.186,3.928,4.775,0,0.012,2.42,2.828,2.839,0.004,0.46,0.556,-0.018,0.019,17.6,20.88,
72,11/17/2021,19:07:43, ,133,-0.024,-0.08,48.66,63.43,0.523,12.88,15.28,18.3,-1.172,1204,0.055,0.116,0.126,2.927,52.56,67.42,68.07,30.68,0.127,39.78,70.16,268.7,0.135,42.29,78.16,0.362,17.59,17.56,30.81,0.245,35.8,34,42.93,0.006,0.125,3.188,3.687,3.624,0.07,1.822,1.99,-0.379,0.135,18.66,21.94,
72 dup,11/17/2021,19:10:14, ,134,-0.025,-0.081,49.58,63.07,0.547,13.07,15.23,18.37,-1.183,1216,0.055,0.117,0.13,2.99,52.82,67.84,68.67,30.55,0.127,39.84,70.4,270.2,0.137,41.98,77.44,0.367,18.24,17.93,31.55,0.248,36.94,34.61,43.17,0.008,0.125,3.414,3.858,3.757,0.071,1.82,2.014,-0.376,0.137,18.72,22.32,
spike 8,11/17/2021,19:12:45, ,135,-0.059,-0.07,55.01,67.32,0.454,23.04,26.67,27.98,-0.224,231.5,0.079,0.119,0.187,5.232,44.36,51.53,51.98,27.6,0.037,24.8,9.782,11.27,0.005,60.38,106.1,0.164,5.718,6.196,29.22,0.835,17.82,17.42,21.4,0,0.094,4.087,4.822,4.83,0.011,0.803,0.909,-0.019,0.471,26.97,30.69,
Lblank,11/17/2021,19:15:21, ,136,0,0,0.064,0.083,0,0.096,0.111,0.032,-0.001,0.529,0,0,0,0.005,0.061,0.075,0.075,0.075,0,0.034,0.068,0.074,-0.001,0.113,0.125,0,0.017,0.004,0.023,0.001,0.039,0.039,0.072,-0.001,0.001,0.007,0.009,0.012,0,0.001,0.001,-0.001,0,0.036,0.045,
CV,11/17/2021,19:17:57, ,137,0.046,-0.002,2.111,2.058,2.089,2.115,2.166,2.099,2.134,2.131,1.833,2.118,2.007,2.063,2.155,2.073,2.058,2.274,2.076,1.997,2.072,2.103,2.198,2.451,13.48,2.086,1.757,2.02,10.96,2.074,0.1,0.055,0.15,2.136,2.044,8.911,8.979,9.162,1.941,1.811,2.134,2.028,2.039,2.099,1.998,
S IPC,11/17/2021,19:20:29, ,138,0,0,0.006,0.008,0,0.038,0.042,0.004,0.001,0.048,0.001,0.001,0.001,0.002,0.007,0.009,0.009,0.043,0.002,0.004,0.007,0.008,0.002,0.035,0.044,-0.001,-0.004,-0.015,0.006,-0.01,26.85,26.87,27.46,0.002,0.001,0.014,0.018,0.022,0.001,0.002,0.002,0,0.001,0.006,0.007,
73,11/17/2021,19:23:03, ,139,-0.017,-0.02,13.85,16.84,0.013,17.21,20.76,22.39,-0.061,63.97,0.003,0.031,0.016,0.332,7.277,7.763,7.735,19.47,0.017,5.166,8.246,9.274,0.006,48.39,74.76,0.015,0.997,1.009,2.485,0.035,2.761,2.601,3.23,0.001,0.012,1.428,1.642,1.642,0.001,0.425,0.301,-0.017,0.011,18.6,20.9,
74,11/17/2021,19:25:34, ,140,-0.015,-0.018,12.44,15.37,0.008,17.18,19.97,22.02,-0.054,56.73,0.001,0.029,0.014,0.268,6.802,7.233,7.206,20.26,0.016,4.729,5.39,5.919,0.003,46.53,74.31,0.011,1.276,1.297,2.534,0.033,2.971,2.814,3.437,0.001,0.008,1.633,1.889,1.882,0,0.391,0.279,-0.015,0.01,18.2,20.39,
75,11/17/2021,19:28:08, ,141,-0.015,-0.02,12.85,15.64,0.004,18.11,21.56,23.77,-0.076,78.32,0.003,0.033,0.016,0.185,5.168,5.482,5.477,20.46,0.013,4.089,14.03,16.25,0.01,49.73,78.58,0.027,1.275,1.274,2.097,0.019,2.736,2.524,2.975,0,0.015,1.158,1.351,1.353,0.001,0.445,0.214,-0.03,0.009,19.49,21.92,
76,11/17/2021,19:30:40, ,142,-0.069,-0.084,78.11,101.9,0.428,0.367,0.405,1.478,-0.282,307.6,0.008,0.049,0.117,2.814,106.1,151.2,156.3,51.9,0.217,66.63,25.64,33.51,0.022,3.638,20.76,0.103,10.96,11.49,24.72,0.291,39.94,40,50.36,-0.006,0.029,3.857,4.541,4.546,0.022,0.582,3.829,-0.048,0.185,2.881,3.237,
77,11/17/2021,19:33:07, ,143,-0.072,-0.08,73.05,93.35,0.143,12.62,15.06,16.3,-0.393,412.5,0.018,0.057,0.085,2.606,72.23,92.4,94.22,31.1,0.103,35.4,17.9,22.48,0.008,41.12,76.31,0.058,5.971,6.099,17.87,0.375,18.61,17.78,22.02,-0.005,0.029,4.738,5.566,5.587,0.021,1.167,2.363,-0.033,0.119,16.95,18.82,
78,11/17/2021,19:35:52, ,144,-0.04,-0.042,32.41,40.04,0.031,14.6,17.23,18.04,-0.318,329.2,0.007,0.035,0.035,0.864,31.69,36.62,36.72,23.38,0.046,16.1,6.999,7.965,0.005,42.74,73.77,0.023,3.248,3.197,7.171,0.136,8.552,7.992,9.754,0,0.018,3.272,3.754,3.736,0.016,0.9,1.152,-0.018,0.05,16.41,18.91,
79,11/17/2021,19:38:31, ,145,-0.075,-0.079,63.82,79.79,0.111,13.01,15.24,16.28,-0.596,617.8,0.015,0.05,0.071,2.052,62.11,78.14,79.35,29.77,0.096,33.96,13.26,16.03,0.009,41.5,75.69,0.049,6.306,6.196,15.62,0.298,17.3,16.5,20.48,-0.003,0.028,4.265,4.924,4.902,0.033,1.514,2.242,-0.029,0.11,16.05,18.19,
80,11/17/2021,19:41:11, ,146,-0.021,-0.022,16.81,20.89,-0.009,16.29,19.65,20.32,-0.112,115.9,0.003,0.029,0.016,0.336,11.82,13.28,13.24,21.46,0.02,6.587,3.615,4.101,0.002,47.59,71.64,0.01,1.328,1.334,2.884,0.053,3.52,3.301,4.045,0,0.008,2.494,2.877,2.882,0.004,0.541,0.458,-0.013,0.018,16.88,19.85,
81,11/17/2021,19:43:45, ,147,-0.094,-0.093,63.56,81.17,0.085,12.34,14.55,14.53,-1.145,1176,0.018,0.049,0.069,1.968,60.95,79.2,80.36,31.98,0.116,41.12,17.47,22.52,0.015,41.47,74.82,0.046,8.818,8.156,17.3,0.304,24.91,23.52,28.41,0.001,0.034,3.782,4.306,4.226,0.068,2.722,2.319,-0.044,0.111,14.96,17.26,
82,11/17/2021,19:46:14, ,148,-0.028,-0.029,20.03,24.07,0,16.6,19.8,20.78,-0.199,205.2,0.004,0.031,0.02,0.455,16.67,18.42,18.34,21.72,0.026,8.623,2.61,2.874,0.003,47.16,76.12,0.013,1.612,1.521,3.616,0.08,4.978,4.587,5.489,0.001,0.01,1.959,2.243,2.244,0.008,0.709,0.61,-0.011,0.027,17.91,20.06,
82 dup,11/17/2021,19:48:49, ,149,-0.028,-0.029,20.5,23.97,0.004,16.42,19.7,20.26,-0.194,200,0.004,0.03,0.019,0.455,16.24,18.34,18.29,21.66,0.026,8.528,2.544,2.836,0.003,47.29,75.08,0.013,1.588,1.508,3.551,0.078,4.737,4.437,5.499,0.001,0.009,1.992,2.313,2.321,0.008,0.706,0.603,-0.009,0.026,17.29,20.13,
spike 9,11/17/2021,19:51:24, ,150,-0.08,-0.09,70.25,89.93,0.473,24.53,28.99,29.31,-0.395,409,0.081,0.122,0.197,5.648,55.51,68.36,69.17,33.86,0.059,33.97,11.13,13.14,0.006,66.15,117.6,0.167,7.804,8.285,33.39,0.849,21.48,21.16,26.28,0,0.099,3.904,4.489,4.469,0.02,1.229,1.569,-0.024,0.484,27.85,32.29,
Lblank,11/17/2021,7:54:01 PM, ,151,0,-0.001,0.077,0.109,-0.002,0.117,0.141,0.044,-0.001,0.573,0,0,0,0.005,0.082,0.096,0.095,0.098,0,0.043,0.012,0.018,0,0.14,0.186,0.001,0.007,0.004,0.037,0.001,0.037,0.041,0.095,-0.001,-0.001,0.007,0.008,0.01,0,0.002,0.002,-0.002,0,0.046,0.054,
CV,11/17/2021,7:56:39 PM, ,152,0.063,0.017,2.092,2.029,2.055,2.107,2.142,2.087,2.103,2.098,1.806,2.07,1.959,2.025,2.111,2.046,2.034,2.261,2.016,1.96,2.047,2.063,2.153,2.427,13.16,2.043,1.701,1.973,10.73,2.036,0.092,0.053,0.114,2.119,2.018,8.887,8.848,8.995,1.906,1.766,2.106,1.996,2.017,2.031,1.995,
S IPC,11/17/2021,7:59:10 PM, ,153,0.001,0.001,0.007,0.009,0,0.046,0.051,0.004,0.001,0.036,0.001,0.001,0.001,0.002,0.008,0.009,0.009,0.048,0.001,0.004,0.003,0.003,0.002,0.041,0.029,0,-0.016,-0.01,0.019,-0.01,26.66,26.82,27.61,0.001,0.001,0.014,0.016,0.016,0.001,0.001,0.001,0,0.001,0.006,0.007,
83,11/17/2021,8:01:44 PM, ,154,-0.031,-0.036,32.73,39.16,0.046,15.14,17.89,19.26,-0.106,113.6,0.006,0.037,0.036,0.993,31.9,36.8,36.92,22.9,0.04,13.12,7.934,9.161,0.003,44.24,72.31,0.023,2.07,2.167,6.685,0.153,6.459,6.215,7.817,-0.003,0.013,2.121,2.441,2.447,0.003,0.56,1.038,-0.016,0.046,16.94,19.75,
84,11/17/2021,8:04:20 PM, ,155,-0.07,-0.076,66.43,85.78,0.113,13.38,16.05,17.09,-0.459,478.5,0.013,0.052,0.077,2.058,65.37,85.14,86.57,31.56,0.098,35.01,16.16,20.2,0.008,43.13,76.15,0.05,6.273,6.422,15.87,0.301,14.99,14.45,18.19,-0.004,0.03,3.323,3.885,3.862,0.026,1.273,2.343,-0.033,0.113,16.36,19.1,
85,11/17/2021,8:07:02 PM, ,156,-0.024,-0.026,22.11,27.16,0.016,14.66,17.82,18.41,-0.092,97.4,0.004,0.029,0.024,0.586,20.05,22.77,22.75,21.06,0.027,9.301,4.065,4.565,0.002,43.71,66.48,0.014,1.635,1.669,4.361,0.088,4.645,4.478,5.607,-0.001,0.013,2.379,2.79,2.798,0.003,0.497,0.768,-0.01,0.029,15.7,18.54,
86,11/17/2021,8:09:38 PM, ,157,-0.064,-0.072,63.82,81.45,0.105,13.07,15.79,16.82,-0.355,372.1,0.014,0.051,0.076,2.068,63.56,80.52,81.78,30.59,0.091,31.91,15.45,19.01,0.007,42.43,75.54,0.048,5.462,5.631,15.17,0.308,14.27,13.97,17.53,-0.003,0.026,3.972,4.58,4.575,0.019,1.081,2.22,-0.03,0.106,16.43,18.72,
87,11/17/2021,8:12:18 PM, ,158,-0.051,-0.057,52.49,66.05,0.117,14.59,17.5,18.11,-0.203,215.9,0.012,0.045,0.06,1.899,54.95,67.64,68.34,27.85,0.071,24.69,8.932,10.23,0.014,44.55,76.42,0.041,3.759,3.891,12.55,0.257,13.05,12.85,16.09,-0.005,0.023,3.02,3.471,3.46,0.011,0.792,1.954,-0.015,0.09,17.32,19.89,
88,11/17/2021,8:14:58 PM, ,159,-0.016,-0.017,12.72,15.83,-0.01,17.73,20.77,23.07,-0.032,33.39,0.001,0.029,0.015,0.184,6.96,7.482,7.482,21.02,0.012,3.593,2.299,2.499,0.002,49.48,77.98,0.008,0.742,0.778,1.647,0.027,1.969,1.887,2.347,0,0.007,1.675,1.934,1.931,-0.002,0.401,0.273,-0.009,0.011,19.19,21.76,
88 dup,11/17/2021,8:17:29 PM, ,160,-0.016,-0.018,12.7,15.51,-0.011,17.55,21.03,23,-0.031,33.22,0.001,0.029,0.015,0.184,6.837,7.261,7.27,20.73,0.011,3.517,2.27,2.439,0.003,50.43,77.32,0.008,0.764,0.786,1.629,0.026,1.936,1.856,2.289,0.001,0.005,1.744,1.988,1.988,-0.002,0.407,0.273,-0.008,0.011,19.1,21.35,
spike 10,11/17/2021,8:20:00 PM, ,161,-0.075,-0.086,66.92,82.4,0.436,30.87,35.83,35.77,-0.274,283.3,0.076,0.124,0.19,5.305,46.32,55.35,55.87,36.45,0.043,27.9,9.944,11.6,0.007,77.44,134.2,0.162,6.017,6.492,30.11,0.822,16.72,16.58,21.05,0,0.09,4.251,4.734,4.724,0.013,1.075,1.179,-0.022,0.464,32.39,38.78,
Lblank,11/17/2021,8:22:38 PM, ,162,0,0,0.051,0.082,-0.001,0.128,0.169,0.034,0,0.304,0,0,0,0.003,0.047,0.067,0.068,0.094,0,0.029,0.009,0.013,0,0.13,0.145,0.001,0.006,0.004,0.033,0,0.02,0.03,0.095,-0.001,0.001,0.006,0.008,0.009,0,0.001,0.001,-0.001,0,0.035,0.052,
CV ,11/17/2021,8:25:15 PM, ,163,0.072,0.027,2.07,2.031,2.023,2.104,2.153,2.062,2.085,2.056,1.792,2.062,1.945,2.017,2.092,2.05,2.035,2.258,2.012,1.964,2.026,2.063,2.135,2.419,13.06,2.03,1.673,1.921,10.71,2.017,0.081,0.043,0.102,2.089,1.99,8.799,8.858,8.957,1.887,1.736,2.089,1.993,1.996,2.019,1.998,
S IPC,11/17/2021,8:27:45 PM, ,164,0.001,0.001,0.006,0.011,0,0.052,0.058,0.004,0.001,0.023,0.001,0.001,0.001,0.001,0.007,0.007,0.007,0.043,0.001,0.004,0.002,0.003,0.002,0.042,0.016,0,-0.007,-0.015,0.022,-0.009,26.3,26.49,27.34,0.002,0,0.013,0.014,0.022,0.002,0.001,0.001,0,0.001,0.006,0.006,
MFB 3.1,11/17/2021,8:30:18 PM, ,165,-0.012,-0.017,13.47,14.75,0.234,0.072,0.064,0.001,-0.015,15.06,0.04,0.045,0.09,2.372,14.6,15.01,14.99,0.031,0.001,7.46,2.441,2.53,0.001,0.035,3.824,0.089,1.89,2.123,12.6,0.46,6.247,6.15,7.052,0,0.05,0.013,0.015,0.013,-0.001,0,0,-0.005,0.242,2.24,2.283,
MFB 3.10,11/17/2021,8:32:45 PM, ,166,-0.003,-0.004,3.813,3.854,0.065,0.044,0.042,0,-0.004,4.017,0.01,0.012,0.024,0.628,3.994,3.994,3.988,0.033,0,1.986,0.658,0.667,0,0.028,0.881,0.026,0.525,0.598,3.407,0.128,1.817,1.787,1.909,-0.001,0.013,0.004,0.005,0.005,0.001,0,0,-0.001,0.063,0.614,0.64,
Lblank,11/17/2021,8:35:05 PM, ,167,0,0,0.007,0.01,-0.002,0.031,0.033,0.001,0,0.013,0,0,0,0.001,0.009,0.011,0.011,0.023,0,0.004,0.001,0.001,0,0.025,0.03,0.001,0.004,0,0.016,0,0.006,0.008,0.05,-0.001,-0.001,0.003,0.001,0.008,0,0,0,0,0,0.003,0.003,
CV,11/17/2021,8:37:41 PM, ,168,0.059,0.014,2.024,2.013,2.026,2.053,2.105,2.076,2.087,1.998,1.778,2.068,1.95,1.998,2.093,2.036,2.021,2.205,2.037,1.954,2.029,2.059,2.146,2.409,13.03,2.041,1.598,1.876,10.61,2.014,0.078,0.052,0.088,2.083,1.994,8.76,8.847,8.956,1.893,1.764,2.085,1.993,1.996,2.011,1.967,
S IPC,11/17/2021,8:40:12 PM, ,169,0.001,0.001,0.003,0.005,-0.001,0.029,0.031,0.002,0.002,0.008,0.001,0.002,0.002,0.002,0.004,0.004,0.005,0.022,0.002,0.003,0.002,0.003,0.002,0.026,0.036,0,-0.009,-0.018,0.017,-0.009,26.17,26.42,27.12,0.002,0.001,0.015,0.018,0.021,0.002,0.002,0.002,0,0.001,0.003,0.004,
